schema_version,domain,target_url,http_status,media_type,compressed_bytes,uncompressed_bytes,payload_bytes,warc_sha256,payload_sha256,warc_record_id
1,1st-b.com.ye,https://1st-b.com.ye/,200,text/html,2238,7234,6685,8698b4cf68fa8d041cd036d17837e40c32b214874c9878cd9096245f856f1b41,3cc1c74d1543ca7d7e845d506523fb361381992c301ba0fd7ab5c3f44219c580,<urn:uuid:9ea159a8-dc3a-526f-b6f2-b61612648604>
1,21umas.edu.ye,https://21umas.edu.ye/,200,text/html,26178,150123,149323,d788309f584ff1d9785640dd3c500c293f247ba3b79201a2a7716856256011c6,c93dbaeb7b33082feb9b1f18539dd3546477865275fcbbe36c6801b15b7a1962,<urn:uuid:3d80b551-a005-58bd-8ad6-0b332fb70de9>
1,7october.com.ye,http://7october.com.ye/,301,text/html,525,789,147,f00f59cd91884f54c0c4e4f7f1296e17db3fe9fdaed457bd8d760ba1877971cb,dcbc6a5a72b3dcddf4cd99b59c987e6ff778e320ea8002068beba6ce1832abcd,<urn:uuid:8e121f21-a32e-5446-b558-bf66d653a411>
1,aaec.com.ye,http://aaec.com.ye/,404,text/html,534,798,315,205c1d3233af6b4606de6b06c8c653021361ac2b80470bbe746c1229e3ba891e,ce7127c38e30e92a021ed2bd09287713c6a923db9ffdb43f126e8965d777fbf0,<urn:uuid:ae00ea33-8aca-59e4-9ce4-25941ce15afe>
1,aau.edu.ye,http://aau.edu.ye/,301,text/html,473,710,142,4b0d83d9535a57fb71a38124d6d9626abbc8f6945e3a2942f6ab753ab006b3a4,aeaea880910cb653c09e7ebde365bc9b2fd4133d946875a8b3807b96ff4e9d63,<urn:uuid:1dc3a1b1-9dd4-58a8-8ed4-21650e0d1bf7>
1,abiyemen.com.ye,https://abiyemen.com.ye/,200,text/html,1117,1728,701,07c5cfd88c00fdf4fe4e8278a4d4772869cdeeeef375910e72c80e162dc3ab1a,2c3adc6b6fb69d3a4e7b75b64e913dc96d21dbaf436bf69e773589b6a6952c47,<urn:uuid:25adcf93-edfc-50e5-bbdd-674161fa5eb0>
1,abomiskahmauawad.com.ye,http://abomiskahmauawad.com.ye/,404,text/html,546,810,315,821d66c2c4021bcfb46403e5e2bd0b631aa348b1e0dcf2e28552473f5a810050,ce7127c38e30e92a021ed2bd09287713c6a923db9ffdb43f126e8965d777fbf0,<urn:uuid:fe8312f2-5d66-5194-a745-d97530b53293>
1,acp.com.ye,https://acp.com.ye/,200,text/html,2361,6750,5975,e36f23f1fc5421861bc306b6ba2aebce8daf8e00d16a6878fd1633d20a103518,b26d5a05a30d1519982b174721d430a2de2383d421a373edf4cf81e57e6c0635,<urn:uuid:6a0793da-2a09-5d7f-8219-cd432c3dad47>
1,acu.org.ye,https://acu.org.ye/,200,text/html,44257,322675,321947,6ad5b1128fa32ed57f3fc83c6a2fbbad735549a710490488c074bd12f04afad7,309a281e035457b46cbf23e4c8e8813078e32c856476171e4e68b97de430ddcc,<urn:uuid:453fa4d2-53f7-57af-9825-500534cbda28>
1,adro.org.ye,http://adro.org.ye/,301,text/html,477,713,143,e0770a5522beeaea353255be517651f0f952f931ff993663c9133bfbb5a3b29b,478addc65d489026723b673dfa74570a674dda2852622120ab0de17472bb5503,<urn:uuid:ab6041f6-0cac-5a64-a300-22038b43c578>
1,aero.ye,http://aero.ye/,200,text/html,2326,5621,5048,ae7ef187170e036ec085d632fa58df503013fb905d5213ac200be8cd4fb25207,7e4a050b3ebd08d9c1cfc227b53b2122beec5f2dcb531f8ac46da51d7145bda4,<urn:uuid:1598eca8-2f32-5627-b729-71c861bd48f5>
1,ahgaff.edu.ye,https://ahgaff.edu.ye/,200,text/html,17700,86365,85555,2f13ffa404a6ca90a33755a727d436233b9fcc3031c66691bbb7f9038cd13577,d2bee08d29157b4f6c84d34fd87076853bb1aacbbec99956f9ca67fa8a24d427,<urn:uuid:311376cd-7df4-5add-8434-1252a732be99>
1,airtransport.gov.ye,http://airtransport.gov.ye/,301,text/html,395,592,98,50495317f9ba42f4d0ffcbfacde725db3d3b82893744785387e7b5bf35834206,14e5868ad9001a22c31588737092cf89746767ff06ad036f67eca701d9c3714b,<urn:uuid:2d334af7-a59b-5860-b3bf-d32fda462172>
1,akgpo.com.ye,https://akgpo.com.ye/,301,text/html,398,556,0,1181220652bb3f5a2e7642f6118e2c2dcdbf11527b9b327df013bb4bde2c3a7b,e3b0c44298fc1c149afbf4c8996fb92427ae41e4649b934ca495991b7852b855,<urn:uuid:7f20bbe8-5445-5b52-af3a-674a058f5765>
1,alamjad.edu.ye,https://alamjad.edu.ye/,200,text/html,26885,161485,160297,a5cd52968aaba344f087d1a8b79ad2163f0487e509ae51cd91966e8c18fed6e3,c9fd85e5a04590b79a0a27b6f017dbdde8052963671a0a43b966b2f86f97d1be,<urn:uuid:a7047700-560d-5f92-8bf5-302752e2254a>
1,alarabuni.edu.ye,https://alarabuni.edu.ye/,200,text/html,14379,81171,80550,e7f5670e0bd59ca8771ad1d82dd5f3b1e37414af873e2e871c9ee66d8adf0a4b,f7ded045245339adabfbd6382f3f5b13e570ce02abc9c119ad66bf62dbc97acc,<urn:uuid:4bbc3ff7-47dd-5bd6-aeba-a975cf31d323>
1,albaath.ye,https://albaath.ye/,301,text/html,444,631,0,0d3f80a059a28963a0bd9b9daa2bff6a9db38a6fe68a9598d8c9922541e276d0,e3b0c44298fc1c149afbf4c8996fb92427ae41e4649b934ca495991b7852b855,<urn:uuid:23f15474-bd7d-5134-b4bf-b8dea7426692>
1,albayynat.net.ye,http://albayynat.net.ye/,301,,328,475,17,be0002cc9a91faee47e0697bbffd50bb81f5bbbb3273ab90fcddaec9bd89c8f3,d18ed36671b8618520016c81125aa889a5b800872038c5e009ef49cd305088cd,<urn:uuid:55919382-c11b-5aed-9ee5-0e1def85a107>
1,algumhorihosp-san.gov.ye,https://algumhorihosp-san.gov.ye/,200,text/html,29214,173028,172306,5db3701bda713249c43b0da2ed41cc924e64bd2b6e33ae36a6bcb5359b2efbc4,4e9f7ee27b9c373ecd457b323b9a33fff8daf1017a46803ef0fe1d4ce1391745,<urn:uuid:3638991c-a009-5c5d-8281-ce661159879b>
1,alhajjiexchange.com.ye,http://alhajjiexchange.com.ye/,301,text/html,520,810,279,2ee6755741d333e97e03655f2e84a6312f5dea7f5a94c2eefdbe66292f8ff301,ecf0fbb84672a4cb6558fdc7aa5c78d8059eb76c3cf510d04a68f859f7fd2268,<urn:uuid:b92f069d-317e-5d70-b0ae-bf66b4c4c508>
1,aljabalconsole.com.ye,http://aljabalconsole.com.ye/,302,text/html,496,721,160,1c4334c962c92f7d521660f89aab36d9583209817330079af1e0a1ea0abb479c,806b18645442a4dc02f59ce04f2246eea329f34f699d1691f8d993ae6cf11828,<urn:uuid:769004d6-c6fa-52df-91b1-5f25ebb15b82>
1,aljamalitest.com.ye,https://aljamalitest.com.ye/,500,text/html,2201,4989,4393,d760ca1abcc9416b8a9e9580b4a4d779c150237568f2fbd63389ac1e888efc3e,1c7cbbb1c3ba355717926ca109f3c475756657fe62bc1e4fe063d920c38f1400,<urn:uuid:29b907b2-a424-54a1-b58e-767241fc5243>
1,aljazeeraibb.edu.ye,https://aljazeeraibb.edu.ye/,200,text/html,6509,33727,32964,3d36fc4a08bbcec9b26cad5724b6aa27b1a16f7ff40baebb52747d96c0508a9e,ed913368132c7a65d3badded02700cab251d83be30349e0b19154600d1c1d2ec,<urn:uuid:903286bc-2623-59e9-a23f-56088f62738b>
1,almasirah.net.ye,https://almasirah.net.ye/,307,text/html,454,724,168,95fe30609c5594844aef4ad72de0a05f3760f54f764acad10e25ad86fdf77644,d3ff999a093c94b71eed485b9391ad5e80033f0728aa285049a0f81d0042dba5,<urn:uuid:ac4c4042-0836-59f4-bd12-3e77e2353ece>
1,almasirah.ye,http://almasirah.ye/,301,text/html,412,661,166,50e6eac08b0814c0c85b1e37b5b57a5d96e719f2f9901f0803c084e2e6d5f217,87a9323ac85ce28867d5d7ce590c8f29b8d1a999961fca71bb33adef48683691,<urn:uuid:62dd9c83-66a6-55fb-8223-423ae226c0fa>
1,almutakamila.com.ye,http://almutakamila.com.ye/,301,text/html,416,663,162,0e1401302cd92e2db0290a92d07c24726f8c5e396daa21a6fb3f4cda80efe590,9e17cb15dd75bbbd5dbb984eda674863c3b10ab72613cf8a39a00c3e11a8492a,<urn:uuid:8d3a102e-65dd-597c-a3f2-f9e484e143d6>
1,almutakamila.ye,http://almutakamila.ye/,301,text/html,411,659,162,e13290ab6dd5ef8443f60ae361277995ee209c06068da8219e3f49d9f03c3820,9e17cb15dd75bbbd5dbb984eda674863c3b10ab72613cf8a39a00c3e11a8492a,<urn:uuid:afbb82d0-3b3c-569d-8e9d-debbc5d00ca6>
1,alnafisuni.edu.ye,https://alnafisuni.edu.ye/,200,text/html,7678,40153,39462,2699472485e9a2ade05d70b74f992fd14bc33657f68915df1458120537a3b1a0,ccfe3ad9b9287855e590682f912d6a32178a62b70af752e795b43ac521e971a9,<urn:uuid:0acbc837-f8ff-5ed0-a750-aa8711efaac9>
1,alrayan-university.edu.ye,https://alrayan-university.edu.ye/,200,text/html,58380,306429,305614,6c7bb61fcb9be0a529194aec5e502c8e089b2c83c63283c2715ead4cafb59825,f467776be5e1cb17217d96c6cbf53221aba35883260abd628b834fe832863ba1,<urn:uuid:c4c65384-93a3-5b06-b1c1-34f68b63ddba>
1,alraziuni.edu.ye,https://alraziuni.edu.ye/,200,text/html,24912,108308,107034,da3ea39e2bd6e28702a745887a39c369052dfb3c4ad0a34bd46dbc22b3f78d3a,0f80a9a27fff7951b93b2aefb123d78e2f18eb5eae53a6029e3e3c73c09b52ff,<urn:uuid:768cfa22-55a8-5c53-9a0c-b8096e9ec627>
1,alrowaduni.edu.ye,https://alrowaduni.edu.ye/,404,text/html,2318,5146,4511,ce3643da3a8c8d54d2564360a087f1923572694c66705c21ef4bb423fced5c23,e7db95c97a5d45787cc3e40cbcb93b748fefc65bc14e162c746e37f979861729,<urn:uuid:1423d66a-69c3-58f2-9de5-926cda866bfa>
1,alsaeeduni.edu.ye,https://alsaeeduni.edu.ye/,200,text/html,30129,180277,179494,ef8bddab48f57b6336449f304164bde5aaf6c326b2263125139c74336490a938,c25282ce3517c4deac9b807e6a4bc66c83dd2ae2f816dce8fbde7a2db1e1578f,<urn:uuid:e5e005c5-c615-5a26-b9bf-130fb13f8d71>
1,alsahattv.com.ye,https://alsahattv.com.ye/,200,text/html,11235,92435,91897,ab76bfc6b9f04074bc7b8ced8cb75bf915f3ad8ef8d5d9769990e8621ddfd349,a5501be1b3df6708e15c565ee64ef89db6a68e4b66e9f948aa6ad1c43e0e1278,<urn:uuid:aebf235f-deb0-57c8-9803-c3640c9a8ef3>
1,alsahattv.net.ye,http://alsahattv.net.ye/,200,text/html,509,749,163,a89025dd8def7866f41e616862d3e7bf1c65de492a050023323f66ef10d07172,9278d16ed2fdcd5dc651615b0b8adc6b55fb667a9d106a9891b861d4561d9a24,<urn:uuid:f8e86177-782c-5f6c-8642-a39424cd0398>
1,alsyasiah.ye,https://alsyasiah.ye/,200,text/html,26899,275668,274959,9fd8ffce87d04980386b755836a37c4629ce9adf9d5cafb2604802fbb09cb828,4d3c3ae5a123353e5caaad2b5572bb4e4f93ce3dfa4c88340d08333e62b51692,<urn:uuid:c8bd80e1-0868-5b83-88bc-c8161b06ec28>
1,althawrah.ye,https://althawrah.ye/,200,text/html,27332,188515,187921,5c7558ca8c410d99d95467c402ef0fa039614709c812343b48cbe5cb7b118db5,a5cef8cbe1f6f1e073ee5a23320e10635e2724f2f0ba1f9b3e9153de974741a4,<urn:uuid:540bb93e-ec44-5742-932a-0a214073a401>
1,alwahda.com.ye,http://alwahda.com.ye/,200,text/html,24220,164526,163878,a174638744bb38010abc66b7ff1e26db9e487c087b5cf6f3935590e8cb026bba,0b0e101309bed5506943809eb70bc14a36d183a0184ee5817a91edede00c9ccf,<urn:uuid:a6903812-6eaa-5ba7-a14e-8b5de011f30e>
1,alwaleedconsultancy.com.ye,https://alwaleedconsultancy.com.ye/,200,text/html,1379038,1869655,1869091,6ca8245f7ac02b77521f6a88cdacff07279e2cf89f15dd407baf48e33f777859,55a74254b336b13affc533de17df7fe13aeb5cb54a21db44d62d4f31fab966bc,<urn:uuid:72adb6ed-cbba-5ec9-b15e-5973557a131e>
1,ana.com.ye,https://ana.com.ye/,200,text/html,630,1120,658,3c0f8ce28aeed07ba068d4bfe6f038da01b95e56d6570d59810141dfb0e168df,95b5b96d3316b0fdd015bcfaa139b448d21429a1e360f42fe3aa690bb4ee997c,<urn:uuid:d082eca4-57d3-5c43-905b-f29d3e798ef9>
1,annajmplus.com.ye,https://annajmplus.com.ye/,200,text/html,7095,39832,39266,fb1e1e50e4d745b3874b034f0125e6da50c11edb13fcc160591d3aa80178e425,c5c1680b2eb42cb4f1808803fabd583114d29e14d07389ac5a3c7e977b559d21,<urn:uuid:48627cc0-b3d2-534d-9d4a-812ddd651011>
1,ar-rasheed.edu.ye,https://ar-rasheed.edu.ye/,200,text/html,49772,289866,289311,3a105f09d3840629d22e073828bea471ba38ea69d92901b8307c37f9e15413c2,fcd4b8b4ac2cba715f7b38e36a50aac598fd95a82f84ef3b58a099e638008ba4,<urn:uuid:b65b1265-a13f-5e08-8a14-08b999b7e4d1>
1,arab-expert.com.ye,http://arab-expert.com.ye/,200,text/html,58849,92951,92395,075a64779d39b98a74feaba4039faa6c1e3e5711f6b5c682505c60a326c20314,f8bb30975d0586803a8775a3c7f6910933847b580f7fc32ec66c2cb94c52f292,<urn:uuid:ec259fb0-2ddd-5f2d-956f-942e0eb49e05>
1,arwauniversity.edu.ye,https://arwauniversity.edu.ye/,200,text/html,3421,11682,10999,5db0565ed8e5401631a3313e7c30ee27e9870a38bd61f1a2962355db93c6050c,71cb9ac4cf5e64da7c1cea18dbeed16f6248420352d0800f9a360a4508e9f9ac,<urn:uuid:d6334db3-520c-5ce1-b943-2fd44730695c>
1,au-foe.edu.ye,https://au-foe.edu.ye/,200,text/html,55162,566161,565567,f3fea4820813a036fd85f069772f5bd695af28e0ac024e2e95ed7409a1bced3c,ffd00414997cc5b532e899525142f24720e5e3be0d55377814fa2301a5a36fd1,<urn:uuid:ff158b99-ffc2-59f1-b908-5c7aa8655769>
1,auhd.edu.ye,https://auhd.edu.ye/,301,text/html,510,786,272,0ac662df63443fc8e20e9a542bab7c2dbea51385f2f08ba4e845a128a97b297c,4fed72e72d9977798ceec62c07dab56f0e3c50728a9a06e2ff755fab4e5f4b49,<urn:uuid:4865adbf-16e1-583f-bbdd-8e44aee0897c>
1,automanifest.com.ye,https://automanifest.com.ye/,200,text/html,14743,70605,69943,10cc48bb333cbbc25ab9b61fea103ba1fb29f64276c58b9ae46537504650ebdc,51f56cb456d0a93cb973d7a2a27b3b153f6a9554f8d6c4be28b5a1e4d99af307,<urn:uuid:15d079c2-27e8-513b-b31f-6dde5dc6bacd>
1,auy.edu.ye,https://auy.edu.ye/,302,text/html,403,560,0,0f2e97f3ae2afce829c449f01052e531d8435227a6d1cf01bf990b599dded346,e3b0c44298fc1c149afbf4c8996fb92427ae41e4649b934ca495991b7852b855,<urn:uuid:118c59bc-3082-50e3-b13f-4436953eb52f>
1,awqaf.gov.ye,https://awqaf.gov.ye/,200,text/html,22671,109440,107648,08fb1fc0a201a3ff007a9ef3f7986a88976201cbfee584905b2a3edc43be5e7d,a1b3b70e4c5b949c6fd0cbad4a54821f5f4986fb295c6a5eab1fa6a7c6b1e7fe,<urn:uuid:26916f11-5dd0-516f-a2e3-55a6d02cad61>
1,basgate.com.ye,https://basgate.com.ye/,200,text/html,632,1124,658,e2f72334714f5b6d8d7e55cc8a7647d616eed792cb3074da717bdfe59c053d6a,4a0408790b853f7c330320c29fb8361c173ea99a19ca8c8fab69c9491d314d5a,<urn:uuid:1633bfa4-e10c-5ca2-b1ec-06b674a11183>
1,bestfoil.com.ye,http://bestfoil.com.ye/,200,text/html,827,1280,703,5059deea45ed4527a6c1e8eeab252c3aa3def6096d99e1c96d5d9fdadacc3236,557b5e9015b4963a130c7039e077b3ec0306d401b6ee13d631721d5d969d2917,<urn:uuid:bee4c769-21b5-5126-8b67-9bbaaeed4f64>
1,blum.ye,http://blum.ye/,301,text/html,432,676,162,503c3762421f6422b06dab352b10506cb97e825ff822bd299963761ce03ff92c,9e17cb15dd75bbbd5dbb984eda674863c3b10ab72613cf8a39a00c3e11a8492a,<urn:uuid:464be0e6-a302-5a7e-bf8d-4f4c1333dad5>
1,bonyan.edu.ye,https://bonyan.edu.ye/,200,text/html,15178,67485,66766,21cf26a4dc4540cf7e5ae3b7b95052e18e30acd16f789ab2334cc5fbd6a8a33e,48e975ceae60a4b84f1010373da0be0fa30b266ce5ab6b35e11bd9ddbfe1ea61,<urn:uuid:90cac1ca-099f-52ed-9ec3-bd5267d1a625>
1,bonyan.org.ye,https://bonyan.org.ye/,200,text/html,43225,341126,340426,15a12686a0a24dc295be1719166c0a36039ee1fad53bdb462f7bba5b058bd929,cb284ff550191c49fbe11861c8415235795c474f32ee0dfee2591cd008912297,<urn:uuid:4d253db6-df93-5aa6-bb3d-b73819cc15aa>
1,brand-electric.com.ye,https://brand-electric.com.ye/,200,text/html,649,1148,654,3040f73d4f9181430730169265b9d8ef4f45776c6de2b04eb15f66a84a75b043,e3af6a521ae528f343ec5be18978494eb3de18a74d5cd850ece045f9c6aee051,<urn:uuid:e2e1c8b6-05f5-5160-9bf5-a0d066865ac0>
1,brightlink.com.ye,https://brightlink.com.ye/,200,text/html,1857,6280,5691,81b65aece6c14f10e9bda9f4a0b4751bf9df505a5775924999a549f1029ff1aa,622a33e96a9dd985ac98f108ee0746971afe4dcf2c99f82416fb2bd5578dc6ff,<urn:uuid:846fe0ef-d650-57c3-9ecf-968090194cdc>
1,cacbank.com.ye,https://cacbank.com.ye/,200,text/html,11751,84682,84091,c681c083ee3adc4d34a2c12c015684a931e1c3a40dd9877cc01f2527795377c0,f3c3daed2ef456e8349ec88c46e2ee6e0c30f2a9448be18456d2e558c0f811f7,<urn:uuid:5d9798cb-3f61-56e0-9d26-5212e99acea0>
1,cacibt.edu.ye,https://cacibt.edu.ye/,200,text/html,12216,107669,107168,67b52b25d5328bb7665ea6cf27559ba529c486fc5424e12f4f06eb78c4510493,a753968cec5cc3cb257def43f25d42b8bc131d90e3e62a6d14dc84afc7f4bde5,<urn:uuid:0a69b665-e833-5c9b-a504-144e9571e7ac>
1,cacislamic.com.ye,http://cacislamic.com.ye/,301,text/html,518,804,278,a975fc0650973fc4e1ca5417ddc93afc7fbbd26661cb9a9d59b7a565fb3522de,08d604c4d1dd1da47ae1cf164de96731ff228bce0b3d7a6f63f0d224c86e9995,<urn:uuid:55c32481-c793-5fdc-a024-ff3b3e146348>
1,cacservices.com.ye,https://cacservices.com.ye/,500,text/html,767,1452,0,8a317d9e1de2b4a8552ab61780b4665a19a35ed440228a5ae46d9908c755b57e,e3b0c44298fc1c149afbf4c8996fb92427ae41e4649b934ca495991b7852b855,<urn:uuid:c3a8865d-99c0-5875-8160-d94475c3b210>
1,cama.gov.ye,https://cama.gov.ye/,302,text/html,514,887,334,20cab4f0a34c1385654214c512581d2fc86eace7f4d5564b1e6519dcf1e4eb65,d3ca1f0b6d218c913ce78379d8cbee5ed0ca309b1e057a97727623d878703199,<urn:uuid:9dbb1590-3078-50cf-a1c5-d3cc5903ccd6>
1,capitalconsult.com.ye,http://capitalconsult.com.ye/,301,text/html,515,808,278,5817bced502259fabf7bedaa2a7c82f8cf87944954220bceff2373d7719fed36,c3256ab845d78bdf2e65f4895b33206ebdb7543225d09d2c5dd076736a8935c8,<urn:uuid:b6e96711-ec44-58d0-9c10-8347e02ea06a>
1,caqa.gov.ye,https://caqa.gov.ye/,200,text/html,13902,176122,175577,6b3288946e8fa96d2476dfa4e07a2665d6f198260a557ff417a092d627dfa631,0caf3c286e06989a47eb30f197ec2d76c3b2dba49cd801e1798863d557c4c66f,<urn:uuid:1de04f04-91db-5c40-9fab-8fd1721d1967>
1,carsrental.com.ye,https://carsrental.com.ye/,200,text/html,42035,232397,231482,163f894135dfd89153bef93d43e779cbe15156568f328d7f208c162aa753febe,fd6a69ee1358e1d4343ab00346f94648b27de9c7073a5427fea8105356705e1e,<urn:uuid:3843580d-da16-55e0-a122-bf63cd15825c>
1,cash.com.ye,https://cash.com.ye/,302,text/html,582,979,334,85cd7ac949cc7895eca97a42fe2804701546bffbf6115bbce4b9f1ca4c78eaaa,8e9aafb772dcc1794f843001f42adcf6d1787ec1146e1ee68dbe18c50c4c22b8,<urn:uuid:de125aea-0f65-5dca-b94e-24641b51d83f>
1,cash.ye,http://cash.ye/,301,text/html,403,643,162,9a7a74ca4405db1ecd71e952f84b2253b158a914d8d4a238ba5a37a3210d533e,9e17cb15dd75bbbd5dbb984eda674863c3b10ab72613cf8a39a00c3e11a8492a,<urn:uuid:6ccce35c-cfe2-5f7f-95e4-d1827048bfee>
1,cediu.gov.ye,https://cediu.gov.ye/,200,text/html,23599,148736,147996,b82cc3be9802a2f99958ca80d070972c3793b9990a09f864982581da65ae6e8e,8afab15e618667fd39200dc3b003dc4f154ec3c17a89e2978aae250af2e4142e,<urn:uuid:c0278f0b-8ec6-56f7-96be-431759b7d3ab>
1,cityhill.com.ye,http://cityhill.com.ye/,302,text/html,527,774,258,52aa31090c3b05083cc4ff135cb669ab1ff545ae3fdb8b489d0e9abc2d658582,19d28cd766418148c7290897e960e04805c9db376e82624450eeab590399dffb,<urn:uuid:07e21086-2e33-5e72-b696-c0c827e59709>
1,civilizationuniv.edu.ye,https://civilizationuniv.edu.ye/,200,text/html,69879,488413,487034,08b5536a57306739971077ca57f832aba898d8eeb695e4180033302fd2c6756e,858947eafab41007fb8747ef7c8d4d86eb1a847ed8b81a2d3e6993a12385ff6f,<urn:uuid:320270e7-9e5a-56f1-a800-e2f6fb217943>
1,ciy.ye,http://ciy.ye/,200,text/html,822,1271,703,3d2eaa3b6513c56efc246cc768d665dd512012cde12bac415a0f7c7a08045bb9,557b5e9015b4963a130c7039e077b3ec0306d401b6ee13d631721d5d969d2917,<urn:uuid:fa388bc7-4250-5187-aab7-a0de15331191>
1,cme.com.ye,https://cme.com.ye/,200,text/html,18287,94374,93790,92131811bc880b0c3e8b22df486db6fe29b26e80f992e9913bf1d352111234fb,bb858fb13dd7369c3fd1e6d1117cc4ea9320864e97142cfc77b830a48db0d15c,<urn:uuid:2b3e1eb0-c15e-52ec-a64a-d0666f120016>
1,cntyemen.com.ye,http://cntyemen.com.ye/,200,text/html,1314,2595,1880,ce8bb9cda63232a0d5950a3c07e84e095623fd61d3e68eb5ed6da9b8881f2fdb,3ad051c2445693e6b55b1fb201d38dc90320a49422a82b1d42628502a7633068,<urn:uuid:ee664830-9586-5454-bcfd-28520035abf2>
1,consumeryemen.com.ye,http://consumeryemen.com.ye/,301,text/html,413,669,162,751bf4c41445985db38a855a1913d770df00d2d95ee1fc20e2cdc3cc0d7937fd,9e17cb15dd75bbbd5dbb984eda674863c3b10ab72613cf8a39a00c3e11a8492a,<urn:uuid:83c14476-3bbb-5610-a53c-cee068d27070>
1,criticalvision.com.ye,http://criticalvision.com.ye/,301,text/html,484,743,153,ee7beff6d527c9481ba0595f21ced7887b2a6b37bea2978a0437547512b442fa,2955b2d1c76acc3cb9050e94f45d98288895f90b0798d08f13a61c8e693ead57,<urn:uuid:3e14dabf-5be2-53cf-85c5-9acf45c63cb4>
1,dadiah.com.ye,https://dadiah.com.ye/,200,text/html,648,1144,658,157352000c67959ded4ab1cac49e5a5da64d54f54d1da13c299a0674d15e47cd,690fc7abea68ba7a66dee43931e6066601a079465a3b241ab455b7c9a0e5444f,<urn:uuid:e0339c59-5deb-5796-8428-791c10bdf0b8>
1,daleel.ye,https://daleel.ye/,302,text/html,631,1059,326,45eb67c41ac9a564cabd278c863424a68558c125ea0e9023928d01f3b4fa8ce5,acea9634c2a922c3de98517b7f5b93e5b47078afb5e0ded50a8b95bccdc253ea,<urn:uuid:e2ec03c2-866a-5ef4-b20c-7b588884024b>
1,digitalcity.com.ye,https://digitalcity.com.ye/,200,text/html,1837,4989,4468,026709a7b4222b7d51e9715fa67d40673115529c02a29790d5421e9dd8c04a90,49f4a2e544e27bec23cc228dda83ba4b968b6193f2de502190b084f0f15e47dd,<urn:uuid:75c36f42-ae46-5d7d-b2e7-3a4e7262d5b2>
1,digitalsmart.com.ye,https://digitalsmart.com.ye/,404,,387,511,0,7e8407f237ad3083fb53b513c3bbd9ea182f4dde650e28754eb2b9a3081ec52b,e3b0c44298fc1c149afbf4c8996fb92427ae41e4649b934ca495991b7852b855,<urn:uuid:d341cabc-7d3b-5789-a3bf-d9faccc7056f>
1,e-sadad.ye,https://e-sadad.ye/,200,text/html,1501,3427,2915,1165bad284e63a2550aba8089699844fa2dc55b9ccc7d63034c7fd75fa1c2edf,3f63aea500301b7905de8260384295fc1f135696eda7e83015812f884ac33b77,<urn:uuid:add04c77-d1a6-5175-9ef2-25417954ab74>
1,easylink.com.ye,https://easylink.com.ye/,301,text/html,580,886,272,6fa4dc2f1660b8391231796a3919bc90ac87f81bd999cb186fc32cb5cfcda092,fcc7e068c8f8419be2a5a2d07c5657895cacbed09ca0bd7a01b9dc2e90896d16,<urn:uuid:f2c64161-711c-5543-a1c2-1b5916d890ce>
1,ebdaasoft.com.ye,http://ebdaasoft.com.ye/,404,text/html,538,803,315,79dd757c502ab8f2d0e30dffb84645b97d1a38d9a6724f8ef7d407d0bb47f54a,ce7127c38e30e92a021ed2bd09287713c6a923db9ffdb43f126e8965d777fbf0,<urn:uuid:20b6fac3-4e4f-5713-aeec-605f6fadc2f5>
1,engazsoft.com.ye,http://engazsoft.com.ye/,200,text/html,826,1280,703,663744ee742a0048f94d304276e1d1d22d37a614147e239f0c63741a8b65fbb8,557b5e9015b4963a130c7039e077b3ec0306d401b6ee13d631721d5d969d2917,<urn:uuid:3ffd8302-98d4-558f-bda1-86f8ecff6043>
1,eoi.ye,http://eoi.ye/,200,text/html,501,739,163,3ed4a56e44605f38691eec009b62fda746b2657cc8e24e9f59bfa9753fb5ad28,9278d16ed2fdcd5dc651615b0b8adc6b55fb667a9d106a9891b861d4561d9a24,<urn:uuid:abcca31e-c76d-5ea2-9741-53fe05187f58>
1,etlobni.com.ye,https://etlobni.com.ye/,200,text/html,10366,59706,59108,a37640297fc5bbdb911a88a3ed61cdc1bb19bc5928f0014cfc2bad73c2f3f49b,644f3f4724abd4bad1763e91392b7bb53e2da5c34f6706353f22e4ce9c6b858b,<urn:uuid:bb2b0adf-ac30-5f19-9aee-f5b926e35ad6>
1,floosak.ye,https://floosak.ye/,302,text/html,632,1040,322,6ca598e6a1775114bab6c02187bcff3b5a6c068c1dd90c2a7dec2a26e714b152,6bc22a00045af6ab584760ec501893bb5540d19d0cdd2e6afd992619fc722de2,<urn:uuid:49bf17f6-10c5-57d0-96ef-cc22becab707>
1,gabpd.gov.ye,https://gabpd.gov.ye/,200,text/html,27650,179016,178305,a52837d8f7002fc5aae15b72c23f27886b2dc4dd506b6b96caec89512610e01d,2b2cde2d9006492e3c1f18fe0106c31d26ffc0f5041ed98feb0a2f6113e44f9d,<urn:uuid:12222571-e8ca-5d86-ac11-cd1bc24ed9b2>
1,gcrb.gov.ye,https://gcrb.gov.ye/,200,text/html,10786,96015,95481,85e1e01c23f6cd9b79d146f177021742c3fe6d5d8e85efbb3594f8d23942e2f8,87e69aa6140675d2834f82e41f86f54ad80474228772a96d84eb686c1ae0e1e6,<urn:uuid:daa7c0c2-ebbc-5853-9b48-e971709d463c>
1,gulfpay.com.ye,http://gulfpay.com.ye/,301,text/html,517,795,275,61ce88efc875b9cec8007badd1c82756f9950ab63b9ce570c22b7ca621d7e5f8,9b776b2288f621c7beb95350b9be96b72632a5a4821f87e4436a39789688d695,<urn:uuid:9901a102-3409-5852-8f4e-5d0a62659f53>
1,gust.edu.ye,https://gust.edu.ye/,200,text/html,12859,94775,94198,04d66560665c85709c3147f10c202f5c443eb11056dbe1e603d83ffa7d8c4c2c,f23fd3f3d45620813c3143ddab45a1d7ed721b1fe4a86f74f8cf4fcb76dc64f4,<urn:uuid:51b2e7c4-4651-5356-ac4f-65088b9a5511>
1,gysco.com.ye,http://gysco.com.ye/,200,text/html,1084,2162,1675,d9afde7c92c851a4c4b1628200030b715c8231fa693ab430711c747dfb68dd82,fd92ce0130cfe10498a7d1c4d07c5ba0f14b85dd70e1acdae71132ed894b32ea,<urn:uuid:7ab7be8d-3ba8-58be-b455-7502c2a5cc45>
1,hadhramout.gov.ye,https://hadhramout.gov.ye/,200,text/html,3408,14287,13727,0bc02c65f53c4e597b882d8ec5250c1e199247ca55d457c21a0ec484a2903a51,5fb665201a53da8a9a442a7251753835907a1daa64a89930b16eb69b95aa64af,<urn:uuid:4a99895a-c02d-52b6-842c-792023d20abc>
1,haj.gov.ye,https://haj.gov.ye/,200,text/html,92325,384898,383457,77eff7a645c66c8fd639fb81f33631ba1cc099de9d5a74d0883a847fbccb970e,fd1406140357d48656ec35571a46c084a02791a825ab8429dc580dc3c42c2c24,<urn:uuid:4e679d3a-d770-592a-9d4a-e947b517e669>
1,hasti.gov.ye,https://hasti.gov.ye/,200,text/html,4992,27316,26567,4be0832abbe66c5e7a4f9fd798b2f95193dcc9d00e639e7cd534c9f69810cb31,d0b6bfea0cd0743e0225a6ca53953ef8f47cadcc703d5170ed8c521547db6d03,<urn:uuid:78d08dbc-aa33-533c-9ef3-6836872b57b6>
1,hayya.com.ye,http://hayya.com.ye/,302,text/html,546,931,334,f3b45f75b9afca110e253969e836b04df198e96458a1203382161e154ef44f72,81bbb1870f080b930be6296eaf06062de915c7cd3d41ada8ad1d0a8d5cc5ff06,<urn:uuid:a04ba279-d722-5ec1-a172-929fe999f4c9>
1,hic.edu.ye,https://hic.edu.ye/,200,text/html,1885,3928,3066,02520e7923d25ab000d70b19ca82f7ff3733019feda7bf332afc0a0f5992e4d8,1bfbc9275a07565cf316bafc7127248989e0c14b37e5409bbb4b100b8cf68248,<urn:uuid:a2aebeee-378f-5154-9e50-b41fefa7d40a>
1,hikma.edu.ye,https://hikma.edu.ye/,200,text/html,65943,688784,688182,5e05a1381c8f9219be045f96e6918f88723ca41e549901655e0e67cb948dec1a,259cb27a2dbc03b0f9ca972b32016bf43cd2068c4801e6c4ff5e1c7407faa66f,<urn:uuid:ef288b8d-353c-5a63-ae0e-4e4f214bb0c3>
1,hocc.gov.ye,https://hocc.gov.ye/,200,text/html,8637,38753,38180,b48f3c7ee2ac8841a9da838cce7a5e17c262912f8d27ea0fa674fb8a7f5a3f9b,cb30ddb5c55f203cdfb89f3eb4d6529d22ef7cf8f5f9c9a2b9eabd6c84d15fe0,<urn:uuid:723754c7-4d81-5443-815f-0110f802c4a9>
1,hsa.com.ye,http://hsa.com.ye/,404,text/html,1283,3107,2667,c8c6e2dfc48e000db67e86604fa24a718e510064c21ac59a910acef886b28505,1e0878f232e32cf44e87ba00bd6957c1ebdfc9bc7c1c0a1389f8c62e6ae3311a,<urn:uuid:7764f3f0-3aeb-52ad-a8a5-516a9f7d20e5>
1,ibbuniv.edu.ye,https://ibbuniv.edu.ye/,200,text/html,21628,158731,158145,214ed168385f2147fbb645c7be12ad7398373823b2f59b2bb8cb3ad724c48f67,dd3f40630ce4304c0cbcc9b19382adcab45d060fa87bc82b16dc409298dde2b4,<urn:uuid:b5db105f-2121-52fa-8844-84a315cfad83>
1,ibs.edu.ye,https://ibs.edu.ye/,200,text/html,706,1087,521,535698a5c1cf162fc2fe5840298d6d4359d8bf2fc958842fa7ab291b9101e50c,b10bc92601f9675f81ee521821d9e807fd71b55fe7937112f882eb03d3f598a9,<urn:uuid:467068ea-a64a-544a-b700-f5895df2cdcb>
1,impact.com.ye,https://impact.com.ye/,200,text/html,579,947,482,fb71d37bca324f714c0d4aa9627bbab86519d9db41e30156492917d0dfc2e3a4,e1e2ee1484d1667376699e506ab343736d95bb5c08411f3a799f28f20948f021,<urn:uuid:788f641d-eb11-5b6b-9316-9749e3f8d7c5>
1,imu.edu.ye,http://imu.edu.ye/,301,text/html,507,775,267,f5128e4a1106a63bd37eb7e92c294c7436ba82faf57d4a98f41d99f5bc08eb72,228923d28812cebe8a923455d4fc8ea1ca089719bb9aa4fe960003238c134d0d,<urn:uuid:c5d15037-6e83-594f-a1f9-b0bcddc597ca>
1,indparkye.gov.ye,https://indparkye.gov.ye/,200,text/html,3112,17481,17014,1cc72ce3f2cba76c6289beeba88b0a415ac2936dab9a1830b2798554fd3b2cb5,29fbe848c0082d2fe33323f8311d5a4e958889bb6be3fa4c9352d92f45250449,<urn:uuid:39e0af9f-9bc6-51ce-b849-fa0cb8271bf9>
1,informationland.com.ye,https://informationland.com.ye/,200,text/html,24931,133513,132722,745ffecc6ed729be4754b0275694434fbf36567e84c1b9edc65f0a63ab2d4b6f,ba15e339d77cf9e72488580809046de62cca6f6ddd5a9a07ba2f9b946f42c84c,<urn:uuid:a83d5e98-d582-5e52-8df7-4682b717e27a>
1,innova.com.ye,https://innova.com.ye/,301,text/html,549,873,0,8eda3e0e6b040846c0fffd014cbedc252582db31d92179bc18bc2d9f754de4cb,e3b0c44298fc1c149afbf4c8996fb92427ae41e4649b934ca495991b7852b855,<urn:uuid:e5772ae3-ffff-5d18-befe-d165b3752a92>
1,invest.ye,https://invest.ye/,500,text/html,387,539,0,c93d3e32fea5e58cf156343df2c5ba132f212411623e6b61111f65f33b3075fd,e3b0c44298fc1c149afbf4c8996fb92427ae41e4649b934ca495991b7852b855,<urn:uuid:357b5503-97f8-597d-8152-f971c438888e>
1,ipna.gov.ye,http://ipna.gov.ye/,500,text/html,951,1707,1208,16493b360ec6bed0d74619b996233416155a909d5fa56dda9460b037dd6a7376,e1b0a10649c4b92f828523efc2ebe135ea9488179a2816888d1e84f786202dbf,<urn:uuid:7ae05a27-2d60-5d1a-8b53-e0b700050f5f>
1,isoc.org.ye,https://isoc.org.ye/,200,text/html,647,1142,658,aabdb3af6071b7559f9b18c98edc08fe81b4e05e5fc0785ca28ffaab27a49ac6,4f199c38e7ad0977f49d516b83b9c0dd9986b36e7e3b7718f31ac695e9b432a3,<urn:uuid:4cc08ccb-233d-5b85-bfa8-2eb44a6cb27f>
1,iutt.edu.ye,https://iutt.edu.ye/,200,text/html,55846,395440,394711,657048a60ec3ab05f9df62b0b7b2a161d92cf595ad77b24c8d6a73ce7c8cc33b,4b4f70a9d7e62cb41844a4b663a180a2302bbd47e7ad4fef864deaaf1b1c9642,<urn:uuid:210c82db-1313-5bbc-a759-352e1d588d3d>
1,jawali.com.ye,https://jawali.com.ye/,200,text/html,15405,79888,79238,0d67776bbcd17792ff64133702e1ebdd7638a34ff82107fb1edeb9cc3608516d,aa04c3019ef3cc3ccab481b18c6d45fab2359d0b1f2cada22faf862088f312e6,<urn:uuid:fb76c480-c461-5043-b921-6092fada5b1d>
1,jia-au.gov.ye,https://jia-au.gov.ye/,200,text/html,11503,75210,74636,22a1c07776e85e9b35f024fbf6ca69c012b3e9ed160c349d635beb8704006cd5,74622cc046df10b501815677d1a48306753a2aa9bc77f72919e39fa8188b8b94,<urn:uuid:06bf50f4-7a98-5a6e-bf72-5838f1f07399>
1,jmoeew.gov.ye,https://jmoeew.gov.ye/,302,text/html,379,530,0,235ff518cbe662fae6fbcffe2c7fff194419d7cfced2c253a9b5562997e1ffd6,e3b0c44298fc1c149afbf4c8996fb92427ae41e4649b934ca495991b7852b855,<urn:uuid:28a7fe90-20a4-5f13-813f-13b0dd4c5cc9>
1,jums.edu.ye,https://jums.edu.ye/,200,text/html,32943,204080,203486,e4016670633c6abac1bb5a2a3d8e2acc8d33c4ee8fd9b90e574804933a7673b4,bacc4a2ff6e1facb604edf8bdc1021e4b3e945d4b2a3eb348ca4f663c6f343fe,<urn:uuid:fa3b283b-8657-51f8-85b1-42eab2e047a3>
1,just.edu.ye,https://just.edu.ye/,200,text/html,10056,84524,83432,35ffe31e139bd5f325878256cc3fe1cc5375fa683fb7004b8c010e353784ea43,05c9a92ddade66c0e3a9baff6d36d64adf029dfb064d344ef647992a25cd2d37,<urn:uuid:17b01cd4-3703-5798-a445-7dfebbbcf696>
1,kmsu.edu.ye,https://kmsu.edu.ye/,200,text/html,8955,47551,46951,00a77ea4e3f48071077a78f77c0151035039f81ff628b5389d9ae3d68d520840,5477c35de1c2dee617e318201154c798891f49b6ca6df9d24d174a6463726690,<urn:uuid:b48c59f8-b67a-5dd4-b396-03295a033b31>
1,lawitelecom.ye,https://lawitelecom.ye/,302,text/html,423,604,0,d5cb128867a964199cf4097ef739cc98f6df228dc3d15f9ce11ec2d006126876,e3b0c44298fc1c149afbf4c8996fb92427ae41e4649b934ca495991b7852b855,<urn:uuid:c9f503f3-cb8d-55b4-b7e9-e70baa23208a>
1,luluatlbahr.net.ye,https://luluatlbahr.net.ye/,200,text/html,3154,12687,12165,8dbd1938e7f6504b67959bf03560431dc10d80928e5f9259634fc6acd01f9401,24717e513420befb629e6720eefc0bf00403bb6416d8214413792866039b0383,<urn:uuid:1d597da9-0c53-5593-912d-d790b3e96346>
1,madd.com.ye,https://madd.com.ye/,200,text/html,490,672,161,d4e99c4ae2052efd82ed29a829d33bf648eb8b7079c217f9d8b5af84cf2c9842,bb12b6263c40a8ef94002513718ac45e7883ca7adf5f57c060610d87a1d639cd,<urn:uuid:56e54b7a-9d5e-5ed5-8a43-eff1fe3b37d2>
1,mechasoft.com.ye,https://mechasoft.com.ye/,301,text/html,438,696,162,4dd2fc25dbc423fa38f36a8d9bcbb1dbde103361277f7e0a1a17853e383fae19,9e17cb15dd75bbbd5dbb984eda674863c3b10ab72613cf8a39a00c3e11a8492a,<urn:uuid:64fba6f0-394d-5a0f-8bce-ecf2d89483ed>
1,meoh.gov.ye,https://meoh.gov.ye/,200,text/html,51147,415528,414915,b85669e6e64411713b774955bf8716f1052b2a5858dbbb501817711b6fdbf365,887857e12c6b2f4b1314cc3d342446b0d51a30d1d8a25ad35e773d0e549da83c,<urn:uuid:f7d779b8-22e4-540b-bcf7-4a6fd7e45137>
1,meyon.com.ye,https://meyon.com.ye/,200,text/html,212356,321389,320696,7c395d4e2205f283e09c254be811068255d036fcf3ec656a5b2c9d102cdb526e,6e69a70a80389a26a285106e34cb797edf04df4abe721976ad470a7d58109ce0,<urn:uuid:efaed1fc-e82a-5135-9588-908bb0fdaa88>
1,mhru.edu.ye,https://mhru.edu.ye/,200,text/html,21021,99212,97960,30bd98a838524d2716910086c3c2f3ba9e24f057058cd05621d55a72f8750116,f923439d8e10174593d5a6f5c0f56004f5a9af9446e6b2ca50ca0fafea4d4185,<urn:uuid:934bdc8c-f827-5101-9565-e8d3f7a97dce>
1,mii.edu.ye,http://mii.edu.ye/,301,text/plain,373,538,34,9dfe33b13dea901b8d78a120910a2003f15d64869b0c121cfe88dd8d59cc3810,4677f000a4cfe5e8181ce262520c3fe4df6a76092a398001dfeecf40acadbe49,<urn:uuid:8136fedb-7228-5aee-ae99-f73b3456623a>
1,mmdrive.ye,http://mmdrive.ye/,302,text/html,550,801,203,e286ab83646b9a02712a5a5a52edac2724e8e83a0a9f095bd7745bdd5d7fdfed,0ad21eb94b482b25efc9118c34e1562e50e64acd0a7f9b1f5ab9a7a7f5c09165,<urn:uuid:446726e9-6051-52c6-b24a-c63897d48934>
1,mmy.gov.ye,http://mmy.gov.ye/,200,text/html,50856,79666,79080,ddef6265d8efa84cd463cb4e6a8431738e041b223eedecf4921391a56e8f3032,e4dbf47ce5dc4ab7fa49fa71a14db1ea7798a51242da1bc503e3654e5367b164,<urn:uuid:709f9ff1-1b0a-554a-92b0-02c39781032c>
1,mmy.ye,https://mmy.ye/,301,text/html,669,1047,0,a339a9f9648cbe8935f812362b07f8a2ea4f92da190c3250b93f7489b05da898,e3b0c44298fc1c149afbf4c8996fb92427ae41e4649b934ca495991b7852b855,<urn:uuid:cec66360-0077-56a9-9b70-c8bf37746edc>
1,moh.gov.ye,http://moh.gov.ye/,301,text/html,576,898,302,733c440008a4e87b5d8496a4b62ee6120b4d60ef48c0eb7a423c1248001c74ec,71df75cda6868a1d6419f0219285788a5a769134bf33eed4cd627f014e26c8fe,<urn:uuid:35196c1d-6ee6-59a5-a2d2-8f9f46481bf6>
1,mohesr.gov.ye,https://mohesr.gov.ye/,302,text/html,369,505,0,129c206a3e0832bee9e8042619f6f867e7da7f7a175ce93db91cf4f0fabe5a87,e3b0c44298fc1c149afbf4c8996fb92427ae41e4649b934ca495991b7852b855,<urn:uuid:fbf7ac41-9a97-5c72-8612-02511bdeef64>
1,moit.gov.ye,https://moit.gov.ye/,200,text/html,13943,92654,91917,b6fd89d53c78f17f9b63bd28a52e72cc596feec0976e24c8ec8095b65afe8532,ce9f1e03d03e574f4225d2e48c45814e50ba5329a4b6f77df00f596d859ce11d,<urn:uuid:5115bebc-5ba4-576e-92fa-0788cf837246>
1,mpwhsanaa.gov.ye,http://mpwhsanaa.gov.ye/,404,text/html,777,1352,867,3629f0cc6f00cbbb9e7e79eced2659d2f8bb693452cbc31b29a9ab5aa77afd31,dc4ca971c4c7df50c5aaee10082c75563151e4cabff67b0890156b4ea90379e0,<urn:uuid:85d18a89-60b9-5912-a3f3-5ff30ea96705>
1,msu.edu.ye,https://msu.edu.ye/,200,text/html,71155,515085,513830,be3a1294e133f97587b9a503d48aa6859c4e1de67fa0f6bc83a4ad95d5a47908,74a831f432ee896d3fa200a4843c81540b47e3076565cdc6f1744992eb31030e,<urn:uuid:aab3bf6a-98bc-56f6-ad3f-8107a5cf2ec0>
1,msw.gov.ye,https://msw.gov.ye/,200,text/html,1035,2060,1530,8b64911ca4e62a35ff18e5796d1d99c982436bd662842ff185f5359d6e2428a9,44fc448ad6bc95c69d3d261ecd3b3f091de36d78d83479753b27ef646c247704,<urn:uuid:29a6cfc3-4fa5-54c1-b8ef-26ee4f3a2d17>
1,muasalat.com.ye,http://muasalat.com.ye/,200,text/html,509,748,163,4b63bf851a59f585e21fa2ff36deccf2b21d6917b869e76dbe318bed923fd0cc,9278d16ed2fdcd5dc651615b0b8adc6b55fb667a9d106a9891b861d4561d9a24,<urn:uuid:8f35a268-c6ea-5b6a-a220-cad275516874>
1,nccbds.gov.ye,http://nccbds.gov.ye/,301,text/html,509,784,270,fc1377dcae059cf3bf5901c82a4e5855122a3683ff18092f11000aefcf58327c,b7e1659645d6a7348a835bbcceffd9927ff8e9a6ddcd9a3f866924828bb5dfa1,<urn:uuid:c1ac2e30-1b63-5fb4-8b3f-73b8964fa1e2>
1,newarchtest.net.ye,http://newarchtest.net.ye/,301,text/html,413,665,162,b00980c18e7b94a280e46795ebb795cdfd05a0111e2cef2b1d289136df4345c4,9e17cb15dd75bbbd5dbb984eda674863c3b10ab72613cf8a39a00c3e11a8492a,<urn:uuid:a7a72077-72fc-5ede-930e-b0d2cf1acf62>
1,niu.edu.ye,https://niu.edu.ye/,301,text/html,785,1304,795,5547456dce9bf2d43a8a947f762e7d5b87325f61eff2555ef5ca692225b4f77a,e8b101a7c7f64aad528cc734513cbeb02243c0af37930dc0f3239749cff184b6,<urn:uuid:3421edc2-8b3c-5443-80c1-1781eea9cf53>
1,nsw.gov.ye,https://nsw.gov.ye/,303,text/html,611,910,214,bd5e685877b6d0de6b3129bc63f7c50effb4e030e30e9fc1dda1a195b181d8ff,66b92e599a140cdf7ae8d8dd422a092e901f72f50ff29b72b1a5b5612d8063c9,<urn:uuid:f458f0b6-a109-5ddd-b6d5-6007de910562>
1,nu.edu.ye,https://nu.edu.ye/,301,text/html,482,690,0,f4017aaa89580db8b4d09afea3b9a3560dc4534cf1547988e953fce08fef17fb,e3b0c44298fc1c149afbf4c8996fb92427ae41e4649b934ca495991b7852b855,<urn:uuid:0968a718-3515-55fc-80db-78085b083490>
1,nvis.ye,http://nvis.ye/,500,text/html,946,1703,1208,b5d9506ff43af83a5dcacbf7266891ed52f18ed01d62cf24480387bdc570bfb5,e1b0a10649c4b92f828523efc2ebe135ea9488179a2816888d1e84f786202dbf,<urn:uuid:db24adf6-9808-5540-851c-5d30ea08c828>
1,organicyemen.ye,http://organicyemen.ye/,404,text/html,1300,3474,2999,c2c6475bb2475b0190a29a886eca9dfc4e32a259fd54b555d645fc94cee53db8,974f3ce45a3dba802cd17181fbf83cb7885622adffdb1933d952d4ed664a054d,<urn:uuid:4c7f1d2e-ee6f-529a-852f-69b0d022358f>
1,pepa.com.ye,https://pepa.com.ye/,200,text/html,43873,312857,311827,c6dd8c8510f72a5b176ced5a82e08108fc4c1f4af59336a36de2f0740dee28ce,17ddbc0682ac2f7dece82f9f701c7904d0a9f9313b434ad2a7b6cf49ef51358f,<urn:uuid:18f9f12d-a45d-577f-b440-837496cd8ad6>
1,pkfye.ye,https://pkfye.ye/,301,text/html,510,766,263,1459471a03619c88cc0c67a225316e45e7c086e183b3f830c9a93e767785c362,beb43b87ba045ccdd0d5e82066ce2ec8d48d2a7e442662d8bb64aa438e403109,<urn:uuid:4552bf33-e8f9-57df-8294-0fcc982fde53>
1,platform.ye,https://platform.ye/,200,text/html,19339,84633,84100,ae4a2933057654968ecd19b2dc6b219fe3fca926b94a49f0959b87a8cac66dae,5e14ed56030345ca8a47f0aa8c24ce47dfb534ca978a5741c2ea69ab3d7b6aeb,<urn:uuid:e68f15fd-ba7f-5fad-a8a7-569135bd7f84>
1,postcards.ye,https://postcards.ye/,200,text/html,650,1143,658,82e8891887d8da5d4b35041dd2f826a35834f2119a1b2e4a0ae51b6c1f940394,0dc1e887fa03acbf33962906fa0ce4a759eb81b5d4c7e66c29b8c7270fe16447,<urn:uuid:f56a83fe-0f27-5a7f-bca5-b0d189f6d92f>
1,pyes.com.ye,https://pyes.com.ye/,403,text/html,585,958,146,f36cbbd530fdebcee850816cee067cc2b18091fd218c3f28b682c01d2de4dbe6,32f2fa940d4b4fe19aca1e53a24e5aac29c57b7c5ee78588325b87f1b649c864,<urn:uuid:27c2e070-574f-5e54-813d-a0226c30fe22>
1,qau.edu.ye,https://qau.edu.ye/,200,text/html,36087,261447,260489,11902b9ede329598271a3a41c0fbebac1824e04a3ad1c802b2abf5febeaf0060,d567098106e609971eeee02f2335e8fa58f1abef459504de41da06c3a41d56bc,<urn:uuid:c5017331-4a0d-5e98-94d5-f0363bab6d05>
1,qau.ye,https://qau.ye/,200,text/html,3402,11562,10894,f0bfcc85ababa19a73a1978e8db5679b57a66ca596d76714f825de43e50a9d74,7042a810837543a5b7588cbb99b13db27ea1a350f312f858b0d02c3092ff58a3,<urn:uuid:dfdb843d-ec8a-59f7-baa9-e2add001f61f>
1,reliefpharma.com.ye,http://reliefpharma.com.ye/,404,text/html,543,806,315,f60957632e65dc96ab36302a1b14a0a0e37d92d661e8daf569dd484336299e26,ce7127c38e30e92a021ed2bd09287713c6a923db9ffdb43f126e8965d777fbf0,<urn:uuid:2d70763d-a58d-54a1-9609-5faee18be0d3>
1,s2d.com.ye,https://s2d.com.ye/,200,text/html,1693,4282,3704,0734c3dadf107f3eeaefa9ed5ef4ae11d90b53f93691758e27f8530158581a71,e8d0d5ee111d2fece18b2f458518da63516518caf35c77e8d37dd48b822dc59a,<urn:uuid:613b183d-d320-5eba-8646-42f530b3dd05>
1,saada-uni.edu.ye,https://saada-uni.edu.ye/,200,text/html,28810,161301,160762,26c3837cf8c92190e0e6b49f5955fda2c22d37da676c4c86bf77e07371d95efc,bc8c2a4ffc3cf93691c249bf03332ed58a5a1b864f7c0e9bc9d710989f148ed8,<urn:uuid:3e01527c-2884-55f5-9884-cad814b6a118>
1,saba.edu.ye,https://saba.edu.ye/,200,text/html,9899,55425,54778,75e55de6891386d06de5cbdbd1325fd8c3014d684d8cb2c1beeae1c59b82f306,43d4578632aeab3c079088914fd16c833ba6e787ca5cea35c294f989a8fb8705,<urn:uuid:4b809650-1545-5908-9de5-c2294a99df70>
1,saba.ye,https://saba.ye/,302,text/html,518,743,0,fa2d0c867a22bc3e5e02ef476564e9f3c6d8af514ca2af0e4ba53b24c8361faa,e3b0c44298fc1c149afbf4c8996fb92427ae41e4649b934ca495991b7852b855,<urn:uuid:f9fd5f3c-a018-5b87-a036-61d587cf190e>
1,sabafon.com.ye,https://sabafon.com.ye/,200,text/html,43142,304906,303972,b02b1025c4b0aa817497dcc912f93069c67fcc7f81a6ac10cca1332834e7f0d3,49d494454a981d4b4370cd56c0712c855d8d9329794b41df2ce118df93a37b99,<urn:uuid:e954b791-bbec-5db4-ab22-68bcb4eeef17>
1,sabrahpharma.com.ye,https://sabrahpharma.com.ye/,301,text/html,519,791,270,25bbd21e5d4f3b080650717d53b1a5dd1e2d4559412e3ca24327558af7de3fe8,5f1c5e429493a159449df881cfc51477439fb47a304eb488c65ed86dbb62626a,<urn:uuid:dd04ff5b-0ae9-55cf-9926-482782900a54>
1,safetrack.ye,https://safetrack.ye/,302,,426,603,0,4bc5c29524f83cc1fb58eb6da4f06eb4ca36e24edb297645aaf53a89cda7daa1,e3b0c44298fc1c149afbf4c8996fb92427ae41e4649b934ca495991b7852b855,<urn:uuid:6827d3b1-5598-51ba-8cca-1384c627033e>
1,sammad.ye,https://sammad.ye/,404,,321,422,0,aabdbe1521327a5e5a3f2919cc9f2da1095c3882a3455e451de476404528875b,e3b0c44298fc1c149afbf4c8996fb92427ae41e4649b934ca495991b7852b855,<urn:uuid:c483341b-beb5-58ea-b853-97e82c9d2add>
1,sanaampwh.gov.ye,http://sanaampwh.gov.ye/,404,text/html,777,1352,867,e48b6a21be355bd6ab0727202db7feac7b0024df8fea8d6ac7fe2d1e903383bb,dc4ca971c4c7df50c5aaee10082c75563151e4cabff67b0890156b4ea90379e0,<urn:uuid:5e7ae57e-7440-5cfd-83f0-a785c43916f2>
1,sanaaradio.net.ye,https://sanaaradio.net.ye/,200,text/html,9636,35721,35092,7f37f318b60ea05f5d34220a8df3a1a88d548c7cc404df16866cdd541444fbc9,7103ecfbf3d770f07075e141654604f6e0d92694b53b8680ec29bfe17d5babf9,<urn:uuid:aed9643c-cfa7-52e6-899c-6af53ecb197d>
1,sbdma.ye,http://sbdma.ye/,301,text/html,403,645,162,e0450c97edeb4e5310e69ea70d431801971570f752d262080b53a92b1f0cf102,9e17cb15dd75bbbd5dbb984eda674863c3b10ab72613cf8a39a00c3e11a8492a,<urn:uuid:10d5333d-7215-528d-92d0-01c0ced83b3b>
1,sbiyemen.com.ye,https://sbiyemen.com.ye/,200,text/html,1118,1726,701,05abb83e5af9ba29388302531d61dc3bfb3f4b5cb6830111f6ec449697aa8e28,2c3adc6b6fb69d3a4e7b75b64e913dc96d21dbaf436bf69e773589b6a6952c47,<urn:uuid:69f1b037-d98f-5077-a47e-862285f861bf>
1,seiyunu.edu.ye,https://seiyunu.edu.ye/,307,text/html,493,739,141,e9551baf524d55f68d5c161b8716bd8dd0fe2f2268ef9a315cd739b15d610a96,fb6329c3ac1a85b31aba8dac9be9bcc52c9be4d9534bc6d037effee7204d698b,<urn:uuid:4c8227f3-0f9f-5fc0-9a18-5e67dec53310>
1,sepoc.ye,https://sepoc.ye/,200,text/html,1192,2241,1651,81ba25b258ce21fdfa553dc1deb6938bd7d2a7433f1bca3877db3c53ba354b8e,1663497e74a76b76c9221c0aeb821f88700b741d5fcb3250d3c71b1a052a71dc,<urn:uuid:6cf43686-785c-5263-94f6-d258cfde99be>
1,sez.gov.ye,https://sez.gov.ye/,200,text/html,647,1141,658,094dfe3e950263b8d01e6e3760935ff75e377958cb326a1518b3715d435648e5,c4018409306b81b241a3ea0401e750a9158f30ffb1902a1370b92c1ecfdee57d,<urn:uuid:38beed30-ec37-5a7f-be20-5f62c81ad8f0>
1,smartlift.com.ye,https://smartlift.com.ye/,200,text/html,1835,4987,4468,48775e172841859efea5acb7089638421c8fb1d5a73c899ee710c4a2db20d50e,49f4a2e544e27bec23cc228dda83ba4b968b6193f2de502190b084f0f15e47dd,<urn:uuid:9062a094-f923-5953-a1b9-3d0726f8ba75>
1,smartworld.ye,http://smartworld.ye/,301,text/html,484,727,149,eb2e0347581e4ad38b4a8dd46fe944cf9ba6c927d6ef45c4c1d07622eed57d4a,f47e2370c25d4b15a96a86bb81f39318c2f90050e2bdc0b28048a847edaf8599,<urn:uuid:376f2174-f93a-5133-bba7-ec8d9c393dd5>
1,smc.com.ye,https://smc.com.ye/,200,text/html,21360,113508,112819,054f4e0a0ea4fab425cc68fe6d06ec754d94c529771f6f601132b603d06f7314,6e6d00cb60f1420c020122837c7a755bf7da089003ec034330757e2a49aff42a,<urn:uuid:52b68a5b-bcfa-5ff1-a0be-c490d064b832>
1,smeps.org.ye,https://smeps.org.ye/,200,text/html,28808,162687,162151,3db742c6a096b91f4f8716b06b8e198655230035e3af658501c5233cd9d41ebd,ff1d96402ed603c8fc78ffe1bb5f1a63675a8df3748e2ea56ec9c6d6e1970bca,<urn:uuid:c647fead-2538-5193-bf06-7f532496626f>
1,sohobcom.ye,http://sohobcom.ye/,301,text/html,383,575,98,120ab31c8d34cb048f6b602dce8c0814bf6193755a302ff885825c77a2c342cb,14e5868ad9001a22c31588737092cf89746767ff06ad036f67eca701d9c3714b,<urn:uuid:3513ceac-a566-5825-937f-b0d5f600d1e5>
1,soholaljawf.com.ye,https://soholaljawf.com.ye/,200,text/html,231703,973661,972940,872be0df0e7960cf544d3ef5215cca878413afdbfd6da5ee8664acd3991b72d9,91cc73b72cf393844d5e81e5b7e809285d871706d94cbf99ebd141b22003c9bb,<urn:uuid:b4b97d0e-41fc-505e-ab64-8ad2e0a8d554>
1,sohoolyemen.com.ye,https://sohoolyemen.com.ye/,301,text/html,403,565,0,d9a586da8509cf2038d01a05d4cafb6bdcdca48174ca0fc18e0d7e0130e5be4d,e3b0c44298fc1c149afbf4c8996fb92427ae41e4649b934ca495991b7852b855,<urn:uuid:cb874a05-c1f7-5095-9560-dd26bd7002da>
1,spacelink.com.ye,http://spacelink.com.ye/,301,text/html,418,675,169,d0c1fed0521119f32c3335434fda7e4e894bcba92d5e3feb9428d677a8488f11,f9aefcf398d4244dfe91c0315a9ae695c65cdd7aeb6a7e8fa4108bd3b673ce63,<urn:uuid:e1f6d154-718d-597b-8e18-07744466a229>
1,speed.ye,https://speed.ye/,200,text/html,678,1009,391,e78579c71d3d447a23970df0e721e384cdfb2b0d1f1f51934d34f43ce4736fbf,0ba261222a7f476b993ae242791f451843a7efbc01101c607e8988592fad634c,<urn:uuid:10490b6b-6d9a-5922-83fe-8e0a6fa038ee>
1,starsteptrading.com.ye,https://starsteptrading.com.ye/,200,text/html,1841,4993,4468,35ec63489b3e75e309573f85b2c3652c2a3d46c6478bbd9a97932635400a039c,49f4a2e544e27bec23cc228dda83ba4b968b6193f2de502190b084f0f15e47dd,<urn:uuid:a5f9b0d8-ad8a-53d7-b925-978137815728>
1,su.edu.ye,https://su.edu.ye/,200,text/html,13627,79577,78824,f42f47cc2972550681e208fd179d470a84a19576b451a6027bac0dfbbd9105c1,c1b6f2d8f0ebcb0cbd9a5285f6258774b820ea3f68bb7343e5f3bf70c75c2826,<urn:uuid:293c607f-ad6c-5df1-97c7-106d8587d71e>
1,suerp.gov.ye,http://suerp.gov.ye/,302,text/html,519,793,269,1ae204ee07ecc79ac57a9966b099cab3866778e9ddd042696410d8302d2138ed,820944c714738a1e9091d98071a80ce5b7e2339fafa7e9cf15fc9d0e8fc1fd0a,<urn:uuid:6060c77b-971c-55d2-82f5-a9b67417aeda>
1,tabsit.ye,http://tabsit.ye/,301,text/html,419,679,178,8f3f63743b1b7b58deef9b9ba758caca911ae8069e31b50b6c919e742c9e573f,7cb59ce037656d9a4e8ee9194bc31dfc540cbc8fd5b19c64439a89631cde3715,<urn:uuid:91016ad0-f8a2-52e9-936a-9ee9cd1afaa9>
1,taiz.edu.ye,http://taiz.edu.ye/,301,text/html,519,777,143,a39271334447fd5d43e5b74ee0aa143e59dabc0f36e0b75f84f1f512708a4c85,1f90659f8a5673a1dece9d4338970d699dd5377c934842c5c476986ec5e35e95,<urn:uuid:c5fac761-0231-5525-ad8a-5b80f3c272c2>
1,tax.gov.ye,https://tax.gov.ye/,200,text/html,55707,429483,428661,4116b3f5f19e069a1c39f0c123cfa6f7074f4d4ec26d08764808d05a8a82e511,cbbca14120e7f8c0ce0f4b6129402a79ae3bcf30a7e348a36d8682f0d9a62644,<urn:uuid:17a35ab6-f235-52b6-b656-72c85efd8658>
1,tebr.com.ye,https://tebr.com.ye/,200,text/html,37622,152034,151328,0ed5dd6021579d248e2706fc0c62e41a1c2cb275b8bc0f6094e9f8644e4317af,cb17adac7e53cc2b37e73ee5e1961a79cb5e1c2f0d2b5e7338c93906f755263e,<urn:uuid:1f00651d-7eb5-57ed-9fdc-3fcaad32ed20>
1,tehama.com.ye,https://tehama.com.ye/,301,text/html,384,538,0,06d34b3b110bfd19be1dc87d19734dbbe4d6fbf9bf9273d244b8fbe5f3206173,e3b0c44298fc1c149afbf4c8996fb92427ae41e4649b934ca495991b7852b855,<urn:uuid:e90bee40-b2c2-518f-9f89-b8dbefedb105>
1,teleyemen.com.ye,https://teleyemen.com.ye/,301,text/html,436,696,162,7237c04960fb3fb2d2c64b4adbcf46bac6148e971ffc9575cd333aecf6a7ecb5,9e17cb15dd75bbbd5dbb984eda674863c3b10ab72613cf8a39a00c3e11a8492a,<urn:uuid:da113d8c-faf8-5067-b53a-aea1fe2bb048>
1,tu.edu.ye,https://tu.edu.ye/,200,text/html,13273,86898,86304,89e1b919f41d0395e6e413aa45a79ae0d19f8e651552ff4ae0cb1241dd986d55,dabf2290fee86ad1fff4a0fd2aaa8d7685e368050b28740f6493472409ddaeb6,<urn:uuid:63ff81c2-4627-5b41-a532-15698fd0f65e>
1,uis.edu.ye,https://uis.edu.ye/,200,text/html,1205,2417,1688,358f5b3fc43431d559057e3e53cf7dd3d9e45ec77ad23bb82f0291eccc38f535,c9ca6803da572af9126a56243f071c8a8b8383718ea00488bce6e086d5738b41,<urn:uuid:dc49f08a-3b43-5cb6-9556-27ddf0aec5ee>
1,ultimate.edu.ye,https://ultimate.edu.ye/,200,text/html,651,1146,658,309bb255e45cbb60b30f1dcf14a6118218d736fd43beafe969e7d01e86121d9b,416dd0d5b0b84c345ef2c800827ac286cd8e2afbda5b0869781c73dc03714306,<urn:uuid:9f2533b9-e95c-5d03-b281-613d647128d7>
1,ums.edu.ye,https://ums.edu.ye/,200,text/html,12475,58464,57979,76d20cea6303c9184fe31a5caedd0c8ee1063e01ada5f06dc7a19f1c3be3d7b9,82101af0633c6ee0c34e71a5e7937cd8887c6994f7ff4417e35a91a5f74ef614,<urn:uuid:8ba532cc-be61-5e8d-a07f-c4676a24a28b>
1,unitedpharmacy.com.ye,https://unitedpharmacy.com.ye/,500,text/html,428,594,107,8c7abf1c2b5a9e4e671caa3b79dbfcc199f82f0be1fd3bf1b1371bb6e7a3c0bd,381c15ea887379bf639282620e87eb98190ba7d749531346f9fec5a2c1707ecc,<urn:uuid:75360d3c-640c-55b5-ac4e-1f1d150cd016>
1,unitedsoft.com.ye,https://unitedsoft.com.ye/,302,,364,503,0,a04b47764fbb3443ab2b9929e581c2a63137397474491b5660dd254c81d3ca24,e3b0c44298fc1c149afbf4c8996fb92427ae41e4649b934ca495991b7852b855,<urn:uuid:7d0495dc-5223-568c-a31b-db7e6981c3dc>
1,uqms.edu.ye,http://uqms.edu.ye/,200,text/html,3491,11258,10671,37796ed02b582b6e4f109fcc56100c2799add22a6bf145a4dc921f559810a93c,6faef4d5d777fdcaa653766b0ac8b9ed32d0fd87f7dcd79f02ff524dd1b0eb69,<urn:uuid:2530b3ec-8860-590a-a156-1bba1890e2b7>
1,ust.edu.ye,https://ust.edu.ye/,200,text/html,25851,144427,143709,15c6432d358889ccb906a2a648b8c13e73053019f801ec75e7f05216d7529b34,e5b7f3917c0990d0f653d1abd78041258a517d3184d39a4aea8e339c1a23eaee,<urn:uuid:5e7834ed-860f-55e4-aafd-87ad4c8367bf>
1,vibrafone.com.ye,http://vibrafone.com.ye/,200,text/html,3004,10655,10061,0dffc939f9de850f421a3e678c0d3abec7c243065d8d19f8dabae631843284bc,beef0e7044baf42450f170a0cd7ba731adc1360c07ad3db1cb25170f5cae1227,<urn:uuid:1c4fa209-e798-557e-922c-54ffd796d205>
1,waas.com.ye,https://waas.com.ye/,200,text/html,628,1121,658,85a7878c0836ce7e32f05211c79e73b55cfcf89eb88ffe1fbab83a769d7f479b,82e91347c18668a3aed15017676201637e3fdf2237965e65b39c4822d047d83e,<urn:uuid:18dabf60-f7cf-5597-9301-4b1dbbff22ee>
1,wasatia.edu.ye,https://wasatia.edu.ye/,308,text/html,506,783,141,db306279e7c815ff3cb6f5bdafd82da27356304de19391411166dda45a57c1e5,7faed61826a0fd4551c4598a7b1dae659cb24f89432541093d0d76427111fddb,<urn:uuid:b4879744-730b-5842-bddd-cbab247fc79f>
1,wec.edu.ye,http://wec.edu.ye/,301,text/html,514,788,267,cc223a29cb839e229abcc013ab7c9245258376c71feeec03e34a0b659b3f7af7,4e3ebf99fe6eff7b8258b7bde1bb72f29043998ee2e851ccef8ae03e0fb14088,<urn:uuid:6d56edcc-2874-528f-bbf5-91f9a1d0a78d>
1,wecash.com.ye,https://wecash.com.ye/,200,text/html,15633,113911,113259,d3dc36eff248d762ca9b91dd05d9ac85641467696d9b385a8a3db561fb825d6b,5e8fe66ff4bac30da7d388d8907e235c47064b7bc030405875f13d83b6a37e90,<urn:uuid:33da73c5-0fba-50cc-9ba6-058e8293c312>
1,wenet.ye,https://wenet.ye/,302,text/html,901,1697,322,33b2e5bb510dc2f3d50ced4dde8e95812274e0cf88697c4a8c32abdd452ccad8,6b0c9eeba80c09d7008a44db3713fa52e60539e160ed384f57b9c311eb2cf4bb,<urn:uuid:46606a85-c8ff-58b4-9727-bf714e8b235b>
1,wncyemen.com.ye,https://wncyemen.com.ye/,200,text/html,6945,34171,33520,2b43c53c85193cb49c17b514da84d4fc9a912693d8106fcf2a666e2e0f4b3742,badb80896e2a9bfe52bf06ad0e2ecab107ddd5b55989612c528da8f1f313bf99,<urn:uuid:e16420a1-643f-5da5-9bc0-d48c760954d0>
1,yaser.com.ye,https://yaser.com.ye/,200,text/html,4950,27341,26744,14e9199507aaed166d252e0ccc3c2a211d3039fb6f56db868794f58186c61652,a1f2632af7611966e3d6254ad3396ea1fb00c77624bcea3b941725498d69297d,<urn:uuid:2e8a58ac-d863-5912-b14c-ec6db0f1a0e8>
1,ye-cement.com.ye,https://ye-cement.com.ye/,200,text/html,24089,126561,125320,3ed7f10e47301063c0d36e6a8109447f46f4b4e64f7a04f4f63febe66b81b1ec,be9f965bb90d3811a7c08e9b747deaffe21717ea94877c6ae0a1c03688b6082b,<urn:uuid:158b5be9-c683-55ee-88d2-1d26d77a2567>
1,yeahmoney.net.ye,https://yeahmoney.net.ye/,200,text/html,634,1126,658,ca333cb3c9fcd350d4f504bd8815dbfbe1128d6481442f2e685c25d2ca50e982,1e1303ef9336a6cc3b1f265e1ab76c035480b69cea280bacc1ed5f6c4be77be5,<urn:uuid:33fe1852-25b4-54d1-8d85-a86966a627dd>
1,yemen-wallet.ye,https://yemen-wallet.ye/,200,text/html,48458,449851,448834,681502b9981706d7a9cab974345234dff022d323b5f968513f1ee5f331058091,6305a8207ce12fcf704049b7402d299fbbb95655742edad24e8745caa935ba74,<urn:uuid:28faf0c0-072b-59b6-ad4a-c80d1d6bca2a>
1,yemenacademy.edu.ye,https://yemenacademy.edu.ye/,200,text/html,28267,170292,169330,dbff037e3d7e5f32b902d5cedb01305d5cdd85ba76919e8d8ea4782b6feb0208,d92ca14cef47adee4775da48f900d3b62653acd16fefb2fca11c774ac43fc201,<urn:uuid:ebec8f73-035e-519e-8366-80e1d3f08a28>
1,yemenia.com.ye,https://yemenia.com.ye/,200,text/html,1214,2462,1945,072e0494075d560867240e0b4c00bb2991acf28a0bab900e1fa3ea82f70f6d47,bc65af7ca1768801f265934b35f7e0af8f10da49a7be53f214c2904132f56b4d,<urn:uuid:752c64b7-bbea-52a5-98a8-0cb7bc89cca9>
1,yemenmobile.com.ye,https://yemenmobile.com.ye/,200,text/html,8721,44654,43731,4f8c7a9ccd6cf20f27141ef89544f94102adeb404f11a45b9bbdd7748ef6bf51,477e6b1737127feb046793128c038ad3c0587228a3f5d0de1cb8b0f414c2bcaf,<urn:uuid:1dc99af0-50df-50bc-9541-a084b4d488ed>
1,yemenparliament.gov.ye,http://yemenparliament.gov.ye/,301,text/html,781,1315,154,22d1ebbbeab379bb82569f2f83b318e5aecd2a24f8b12a01fa28b8a7617924fc,0080e4465664948e7a0fbb65708062ec8c1833b95404c1e59f6484b617877e17,<urn:uuid:e225ba51-e2c1-5501-b324-e4a06716a51c>
1,yemenrobot.com.ye,https://yemenrobot.com.ye/,302,text/html,416,601,0,88700173b793d620300f3504931f845588993ae8b758616b33058fc61e0103c5,e3b0c44298fc1c149afbf4c8996fb92427ae41e4649b934ca495991b7852b855,<urn:uuid:fef29d24-2bf8-53ce-872c-e0b73b2b95d0>
1,yemenrobot.net.ye,http://yemenrobot.net.ye/,302,text/html,415,598,0,a54f4f36b9b256e7b2acef0a6cfbb65f92f194eb783d4ab91dfe64fbbd0c7afd,e3b0c44298fc1c149afbf4c8996fb92427ae41e4649b934ca495991b7852b855,<urn:uuid:e398a662-90f6-551a-a0f4-c9a40ef5016b>
1,yemenrobot.ye,https://yemenrobot.ye/,302,text/html,415,593,0,ce58c9402673db0e32f31b05f46ed451b82c21dfd34ed0c7ef135aafd668e7d6,e3b0c44298fc1c149afbf4c8996fb92427ae41e4649b934ca495991b7852b855,<urn:uuid:78b85ef7-0b64-57d7-9dc2-63043c29ecb1>
1,yfd.org.ye,http://yfd.org.ye/,301,text/html,477,710,142,1a66eb2cbecfede31a93c14d7f972e0fa10a22cec0a65bf14141226a0026f144,0c6a087a18c097e4b0574c9acea4ceabc3594effd8d205a175285d2a2243c9f0,<urn:uuid:0791303d-bcc5-5183-92a4-db9e6a6cfb0c>
1,yft-co.com.ye,https://yft-co.com.ye/,301,text/html,518,804,280,60ef63cf7cead2057bfec01cb215721f97d2b717ccaf61e79d4a712ef079f671,1e31bc3b3ca990999be8c44c11dd3ff2d17d811887d88af0f24557a9ad7a06eb,<urn:uuid:d44b68ea-cdfd-5dbe-a03f-322796048cee>
1,yjmhr.edu.ye,https://yjmhr.edu.ye/,200,text/html,8710,45213,44164,b2c5ca6586846d49af3cd5b12cb408034c562c645333fe91b9a8ba9d907c8ca3,246b986a27756f42a4d4f3d8cd7c6f4d839f0ef947e33c2a73aa915803943f24,<urn:uuid:ea9b3097-1339-550a-af34-5cac6621c4b7>
1,yju.edu.ye,https://yju.edu.ye/,200,text/html,28757,155806,154992,63b34c793ba21f56b019085058a30babc681501183217a086831d80b4f4b5e3d,6ea70e852eb69b6fe5d111364f2255bb135ed7e874bd8fee68f2eabce71b6e96,<urn:uuid:043239c7-102b-5e86-831c-7711c60e5d9a>
1,yk-bank.com.ye,http://yk-bank.com.ye/,301,text/html,512,781,268,bab6a70a0001755c366aee32ed6ff925e92d5230a145aaefe34945720800cd92,2b91b7405eb91a3bb8b3e594942c665de296d1592c4f1ae9ec41341ffc3eccac,<urn:uuid:4879c156-02de-5b2e-be3f-4946dba42c9a>
1,yki-bank.com.ye,http://yki-bank.com.ye/,200,text/html,509,748,163,099e9452fadfc7be942a1fe59df0a14363b3a6c0d4f3aa17a5bf684dad84759b,9278d16ed2fdcd5dc651615b0b8adc6b55fb667a9d106a9891b861d4561d9a24,<urn:uuid:fd190757-7a38-5d80-ab7e-b18638bed029>
1,ymp.ye,https://ymp.ye/,200,text/html,855,1507,972,11d27991238cd27baa5b40404dd1d8cd9e86a9657e586f757db3cb4a2282552e,32543f70215b192221184e950629fbc44596ecf7f4efcaea972342908a802de9,<urn:uuid:a455d407-5ec8-5b5b-82e2-16fce900c291>
1,yms.gov.ye,http://yms.gov.ye/,301,text/html,385,574,98,cd94c9340b02cc2addd94b5a4942fb4cf873e422b96412592a2671e0b9551599,14e5868ad9001a22c31588737092cf89746767ff06ad036f67eca701d9c3714b,<urn:uuid:497ebc99-b7ff-5eeb-ab63-fb9270751544>
1,ynm.ye,https://ynm.ye/,302,text/html,413,588,0,509ff3932e6b676935b3473d07c27776e982dda68911de0f36286722c3575145,e3b0c44298fc1c149afbf4c8996fb92427ae41e4649b934ca495991b7852b855,<urn:uuid:2da0bb9f-bef5-5c75-b7e9-3b342d74be32>
1,yos.org.ye,https://yos.org.ye/,200,text/html,43777,232863,232126,7f0d20d0fc9b821e3b25bb64b8d4e599319b8640ed3a4f245fa09a1c4349f8ec,1445ed298f628f9ad07d4dac120a9cb70e46016a747223a2f48303ff2bd4a914,<urn:uuid:55f290d0-83ac-50ed-badb-5fe095deb53b>
1,you.com.ye,http://you.com.ye/,301,text/html,385,573,98,f501ec765fce4b9c3e322f35904c93600049539ed465d6feaf274be47e78a3f8,14e5868ad9001a22c31588737092cf89746767ff06ad036f67eca701d9c3714b,<urn:uuid:41926e52-639e-5bba-81f3-b7c7c549b9b4>
1,ysmc.gov.ye,https://ysmc.gov.ye/,200,text/html,11929,68012,67495,0baa0bd7c9ced2b40b07a292d29668311c860f953ed3394f99c030fb30d1c51e,2acf0495d2cbab158093a69d39764c0e94755b785823e33000f8cdd3260269d2,<urn:uuid:2b5db50f-bbe7-5078-891e-ba973bc1b2cd>
1,yuniv.edu.ye,https://yuniv.edu.ye/,200,text/html,2412,7220,6523,25bce6e1aacc2592245792d68d55a36c0509776c5fcabfd362281e17a51e6798,79f7219c6d491ef14845fc8b49a6a5d01e0c5f30da2ad28dde2a490912084022,<urn:uuid:8f0b577c-bbaf-59a0-a8fa-20beea23af87>
