hostname,registrable_domain
abidc02.abiyemen.com.ye,abiyemen.com.ye
cby-ex01.centralbank.gov.ye,centralbank.gov.ye
cp.cama.gov.ye,cama.gov.ye
cp.sohobcom.ye,sohobcom.ye
cp.yrspc.gov.ye,yrspc.gov.ye
d.tld.ye,tld.ye
e.tld.ye,tld.ye
edge.centralbank.gov.ye,centralbank.gov.ye
edge.fiu.gov.ye,fiu.gov.ye
fiu-ex01.fiu.gov.ye,fiu.gov.ye
gateway.sohobcom.ye,sohobcom.ye
gateway.teleyemen.com.ye,teleyemen.com.ye
gateway3.teleyemen.com.ye,teleyemen.com.ye
host.sohobcom.ye,sohobcom.ye
mail-server.hasco.com.ye,hasco.com.ye
mail.7july.edu.ye,7july.edu.ye
mail.aau.edu.ye,aau.edu.ye
mail.aero.ye,aero.ye
mail.albidaniex.ye,albidaniex.ye
mail.alcaontelecom.com.ye,alcaontelecom.com.ye
mail.alfa.com.ye,alfa.com.ye
mail.alhajjiexchange.com.ye,alhajjiexchange.com.ye
mail.alhasel-ti.com.ye,alhasel-ti.com.ye
mail.alsahattv.net.ye,alsahattv.net.ye
mail.alshami.com.ye,alshami.com.ye
mail.alsyasiah.ye,alsyasiah.ye
mail.althawrah.ye,althawrah.ye
mail.alwaleedconsultancy.com.ye,alwaleedconsultancy.com.ye
mail.amb.com.ye,amb.com.ye
mail.amlcft.gov.ye,amlcft.gov.ye
mail.ana.com.ye,ana.com.ye
mail.apptech.com.ye,apptech.com.ye
mail.atme.com.ye,atme.com.ye
mail.barakhtech.com.ye,barakhtech.com.ye
mail.billhost.com.ye,billhost.com.ye
mail.blum.ye,blum.ye
mail.bolbol-it.ye,bolbol-it.ye
mail.brand-electric.com.ye,brand-electric.com.ye
mail.cacibt.edu.ye,cacibt.edu.ye
mail.cacinsurance.com.ye,cacinsurance.com.ye
mail.caqa.gov.ye,caqa.gov.ye
mail.carsrental.com.ye,carsrental.com.ye
mail.cash.com.ye,cash.com.ye
mail.cby.gov.ye,cby.gov.ye
mail.cby.ye,cby.ye
mail.cediu.gov.ye,cediu.gov.ye
mail.ciy.ye,ciy.ye
mail.cme.com.ye,cme.com.ye
mail.cntyemen.com.ye,cntyemen.com.ye
mail.cuas-mof.gov.ye,cuas-mof.gov.ye
mail.deepsafer.ye,deepsafer.ye
mail.digitalsmart.com.ye,digitalsmart.com.ye
mail.dorobalemtiaz.com.ye,dorobalemtiaz.com.ye
mail.doveyemen.com.ye,doveyemen.com.ye
mail.drooblite.com.ye,drooblite.com.ye
mail.e-sadad.ye,e-sadad.ye
mail.e-tax.gov.ye,e-tax.gov.ye
mail.engazsoft.com.ye,engazsoft.com.ye
mail.etlobni.com.ye,etlobni.com.ye
mail.firstsunenergy.com.ye,firstsunenergy.com.ye
mail.floosak.ye,floosak.ye
mail.france-ph.com.ye,france-ph.com.ye
mail.gassp.ye,gassp.ye
mail.gcrb.gov.ye,gcrb.gov.ye
mail.geoportal.gov.ye,geoportal.gov.ye
mail.geoyemen.ye,geoyemen.ye
mail.gfalcon.com.ye,gfalcon.com.ye
mail.grantthornton.com.ye,grantthornton.com.ye
mail.gulfcare.ye,gulfcare.ye
mail.hababigroup.com.ye,hababigroup.com.ye
mail.hastierp.gov.ye,hastierp.gov.ye
mail.hayya.com.ye,hayya.com.ye
mail.hereis.ye,hereis.ye
mail.hocc.gov.ye,hocc.gov.ye
mail.imtiaz.com.ye,imtiaz.com.ye
mail.innova.com.ye,innova.com.ye
mail.innova.ye,innova.ye
mail.iy.com.ye,iy.com.ye
mail.jaib.com.ye,jaib.com.ye
mail.jawali.com.ye,jawali.com.ye
mail.jklsanaa.gov.ye,jklsanaa.gov.ye
mail.jumaanex.com.ye,jumaanex.com.ye
mail.jums.edu.ye,jums.edu.ye
mail.kuraimibank.ye,kuraimibank.ye
mail.lawitelecom.ye,lawitelecom.ye
mail.linkads.ye,linkads.ye
mail.madd.com.ye,madd.com.ye
mail.mail.gov.ye,mail.gov.ye
mail.map.ye,map.ye
mail.mctqi.gov.ye,mctqi.gov.ye
mail.mdarahim.com.ye,mdarahim.com.ye
mail.mechasoft.com.ye,mechasoft.com.ye
mail.medics-connect.com.ye,medics-connect.com.ye
mail.meetingyemen.ye,meetingyemen.ye
mail.meunit.ye,meunit.ye
mail.millennum.com.ye,millennum.com.ye
mail.mobilemoney.com.ye,mobilemoney.com.ye
mail.moheetexpress.com.ye,moheetexpress.com.ye
mail.mohesr.gov.ye,mohesr.gov.ye
mail.moit.ye,moit.ye
mail.mpay.ye,mpay.ye
mail.msdc.gov.ye,msdc.gov.ye
mail.mtnsdp.com.ye,mtnsdp.com.ye
mail.muasalat.com.ye,muasalat.com.ye
mail.ncsc.gov.ye,ncsc.gov.ye
mail.newarchtest.net.ye,newarchtest.net.ye
mail.niu.edu.ye,niu.edu.ye
mail.nu.edu.ye,nu.edu.ye
mail.post.ye,post.ye
mail.presidency.gov.ye,presidency.gov.ye
mail.pyes.com.ye,pyes.com.ye
mail.quni.edu.ye,quni.edu.ye
mail.results.edu.ye,results.edu.ye
mail.s-tawasul.gov.ye,s-tawasul.gov.ye
mail.saba.edu.ye,saba.edu.ye
mail.sabacash.com.ye,sabacash.com.ye
mail.sabacash.net.ye,sabacash.net.ye
mail.sammad.ye,sammad.ye
mail.sbdma.gov.ye,sbdma.gov.ye
mail.scimmp.gov.ye,scimmp.gov.ye
mail.sepoc.ye,sepoc.ye
mail.sfd.org.ye,sfd.org.ye
mail.sfd.ye,sfd.ye
mail.sofa.ye,sofa.ye
mail.sohobcom-test.com.ye,sohobcom-test.com.ye
mail.sohobcom.edu.ye,sohobcom.edu.ye
mail.spacelink.com.ye,spacelink.com.ye
mail.spacey.com.ye,spacey.com.ye
mail.staticmohe.gov.ye,staticmohe.gov.ye
mail.tarady-trade.com.ye,tarady-trade.com.ye
mail.tawasul.gov.ye,tawasul.gov.ye
mail.tawseel.com.ye,tawseel.com.ye
mail.teleyemen.net.ye,teleyemen.net.ye
mail.thechildrensplace.com.ye,thechildrensplace.com.ye
mail.thechildrensplace.org.ye,thechildrensplace.org.ye
mail.time.ye,time.ye
mail.tyt1.com.ye,tyt1.com.ye
mail.unitedsoft.com.ye,unitedsoft.com.ye
mail.vibrafone.com.ye,vibrafone.com.ye
mail.visionofedu.gov.ye,visionofedu.gov.ye
mail.vouchers.gov.ye,vouchers.gov.ye
mail.waas.com.ye,waas.com.ye
mail.wecash.com.ye,wecash.com.ye
mail.wsyessver.com.ye,wsyessver.com.ye
mail.y-gsm.com.ye,y-gsm.com.ye
mail.y.com.ye,y.com.ye
mail.y.gov.ye,y.gov.ye
mail.y.ye,y.ye
mail.yamaan.org.ye,yamaan.org.ye
mail.yba.org.ye,yba.org.ye
mail.ycb.com.ye,ycb.com.ye
mail.yccsw.gov.ye,yccsw.gov.ye
mail.yemen-media.gov.ye,yemen-media.gov.ye
mail.yemengov.ye,yemengov.ye
mail.yemenia.com.ye,yemenia.com.ye
mail.yemenrobot.net.ye,yemenrobot.net.ye
mail.yementrack.com.ye,yementrack.com.ye
mail.yft-co.com.ye,yft-co.com.ye
mail.yfw.ye,yfw.ye
mail.yk-bank.com.ye,yk-bank.com.ye
mail.yki-bank.com.ye,yki-bank.com.ye
mail.ym.ye,ym.ye
mail.you-tele.com.ye,you-tele.com.ye
mail.you.com.ye,you.com.ye
mail.yrcs.org.ye,yrcs.org.ye
mail01.yki-bank.com.ye,yki-bank.com.ye
mail02.yki-bank.com.ye,yki-bank.com.ye
mail1.mobilemoney.com.ye,mobilemoney.com.ye
mail1.ycb.com.ye,ycb.com.ye
mail1.yemen.net.ye,yemen.net.ye
mail1.you.com.ye,you.com.ye
mail101.sabafon.com.ye,sabafon.com.ye
mail102.sabafon.com.ye,sabafon.com.ye
mail103.sabafon.com.ye,sabafon.com.ye
mail2.doveyemen.com.ye,doveyemen.com.ye
mail2.hocc.gov.ye,hocc.gov.ye
mail2.iy.com.ye,iy.com.ye
mail2.yemen.net.ye,yemen.net.ye
mail2.you.com.ye,you.com.ye
mail3.yemen.net.ye,yemen.net.ye
mail5.yemen.net.ye,yemen.net.ye
mailer.ylmc.com.ye,ylmc.com.ye
mx1.zakat.ye,zakat.ye
n1.yemen.net.ye,yemen.net.ye
ns1.yemen.net.ye,yemen.net.ye
ns2.yemen.net.ye,yemen.net.ye
ns3.yemen.net.ye,yemen.net.ye
ns4.yemen.net.ye,yemen.net.ye
root.y.net.ye,y.net.ye
sah1.ye.hascoshell.com.ye,hascoshell.com.ye
sbidc.sbiyemen.com.ye,sbiyemen.com.ye
smtp.yemenmobile.com.ye,yemenmobile.com.ye
ty-ax-fe01.14october.com.ye,14october.com.ye
ty-ax-fe01.3d.com.ye,3d.com.ye
ty-ax-fe01.aden.gov.ye,aden.gov.ye
ty-ax-fe01.adencement.com.ye,adencement.com.ye
ty-ax-fe01.adencomplex.com.ye,adencomplex.com.ye
ty-ax-fe01.adenradio.gov.ye,adenradio.gov.ye
ty-ax-fe01.adnanco.com.ye,adnanco.com.ye
ty-ax-fe01.ahkagroup.com.ye,ahkagroup.com.ye
ty-ax-fe01.aic.com.ye,aic.com.ye
ty-ax-fe01.al-fursan.com.ye,al-fursan.com.ye
ty-ax-fe01.al-rashed.com.ye,al-rashed.com.ye
ty-ax-fe01.aladelcorp.com.ye,aladelcorp.com.ye
ty-ax-fe01.alfa.com.ye,alfa.com.ye
ty-ax-fe01.algarmani.com.ye,algarmani.com.ye
ty-ax-fe01.alhabbari.com.ye,alhabbari.com.ye
ty-ax-fe01.almansoob.com.ye,almansoob.com.ye
ty-ax-fe01.almarkazia.com.ye,almarkazia.com.ye
ty-ax-fe01.almergab.com.ye,almergab.com.ye
ty-ax-fe01.alnada.com.ye,alnada.com.ye
ty-ax-fe01.alnasim.com.ye,alnasim.com.ye
ty-ax-fe01.alrabwah.com.ye,alrabwah.com.ye
ty-ax-fe01.alraialaam.com.ye,alraialaam.com.ye
ty-ax-fe01.alsaeed.com.ye,alsaeed.com.ye
ty-ax-fe01.alshmoa.com.ye,alshmoa.com.ye
ty-ax-fe01.altarbiapress.com.ye,altarbiapress.com.ye
ty-ax-fe01.althawra.gov.ye,althawra.gov.ye
ty-ax-fe01.alwahda.gov.ye,alwahda.gov.ye
ty-ax-fe01.ambitaliasanaa.org.ye,ambitaliasanaa.org.ye
ty-ax-fe01.americanschool.com.ye,americanschool.com.ye
ty-ax-fe01.amext.com.ye,amext.com.ye
ty-ax-fe01.arabiafelix.com.ye,arabiafelix.com.ye
ty-ax-fe01.arcc.com.ye,arcc.com.ye
ty-ax-fe01.assalimi.com.ye,assalimi.com.ye
ty-ax-fe01.ate.com.ye,ate.com.ye
ty-ax-fe01.atlasfishing.com.ye,atlasfishing.com.ye
ty-ax-fe01.awqaf.com.ye,awqaf.com.ye
ty-ax-fe01.bahaj-yemen.com.ye,bahaj-yemen.com.ye
ty-ax-fe01.bashacomputer.com.ye,bashacomputer.com.ye
ty-ax-fe01.beep.edu.ye,beep.edu.ye
ty-ax-fe01.bugbounty.com.ye,bugbounty.com.ye
ty-ax-fe01.calibers.com.ye,calibers.com.ye
ty-ax-fe01.catyemen.ye,catyemen.ye
ty-ax-fe01.cggyemen.com.ye,cggyemen.com.ye
ty-ax-fe01.chicco.com.ye,chicco.com.ye
ty-ax-fe01.ciit.com.ye,ciit.com.ye
ty-ax-fe01.connectarabiatel.ye,connectarabiatel.ye
ty-ax-fe01.crc-yem.com.ye,crc-yem.com.ye
ty-ax-fe01.cssw.org.ye,cssw.org.ye
ty-ax-fe01.dadiah.com.ye,dadiah.com.ye
ty-ax-fe01.dawa.org.ye,dawa.org.ye
ty-ax-fe01.deltagrp.com.ye,deltagrp.com.ye
ty-ax-fe01.dhamran.com.ye,dhamran.com.ye
ty-ax-fe01.dhl-exel.com.ye,dhl-exel.com.ye
ty-ax-fe01.dhlexel.com.ye,dhlexel.com.ye
ty-ax-fe01.dnoyemen.com.ye,dnoyemen.com.ye
ty-ax-fe01.dovecpf53.com.ye,dovecpf53.com.ye
ty-ax-fe01.eman-univ.edu.ye,eman-univ.edu.ye
ty-ax-fe01.excellent.com.ye,excellent.com.ye
ty-ax-fe01.falak.com.ye,falak.com.ye
ty-ax-fe01.freindi.com.ye,freindi.com.ye
ty-ax-fe01.freindi.ye,freindi.ye
ty-ax-fe01.freindimobile.com.ye,freindimobile.com.ye
ty-ax-fe01.freindy.com.ye,freindy.com.ye
ty-ax-fe01.freindy.ye,freindy.ye
ty-ax-fe01.freindymobile.com.ye,freindymobile.com.ye
ty-ax-fe01.frendymobile.com.ye,frendymobile.com.ye
ty-ax-fe01.friendiyemen.ye,friendiyemen.ye
ty-ax-fe01.friendy.com.ye,friendy.com.ye
ty-ax-fe01.friendymobile.com.ye,friendymobile.com.ye
ty-ax-fe01.futurecomputer.com.ye,futurecomputer.com.ye
ty-ax-fe01.giay.gov.ye,giay.gov.ye
ty-ax-fe01.gpc.org.ye,gpc.org.ye
ty-ax-fe01.granada.com.ye,granada.com.ye
ty-ax-fe01.griffin.com.ye,griffin.com.ye
ty-ax-fe01.hadmothtl.com.ye,hadmothtl.com.ye
ty-ax-fe01.hasco.com.ye,hasco.com.ye
ty-ax-fe01.hascoshell.com.ye,hascoshell.com.ye
ty-ax-fe01.hoduniv.edu.ye,hoduniv.edu.ye
ty-ax-fe01.holland.com.ye,holland.com.ye
ty-ax-fe01.hsatco.com.ye,hsatco.com.ye
ty-ax-fe01.huawei.com.ye,huawei.com.ye
ty-ax-fe01.hust.edu.ye,hust.edu.ye
ty-ax-fe01.hy-ye.com.ye,hy-ye.com.ye
ty-ax-fe01.ibbunv.com.ye,ibbunv.com.ye
ty-ax-fe01.ic.gov.ye,ic.gov.ye
ty-ax-fe01.japanembassy.gov.ye,japanembassy.gov.ye
ty-ax-fe01.jica-tb-control.org.ye,jica-tb-control.org.ye
ty-ax-fe01.kfw-sanaa.com.ye,kfw-sanaa.com.ye
ty-ax-fe01.legalaffairs.gov.ye,legalaffairs.gov.ye
ty-ax-fe01.lmis.com.ye,lmis.com.ye
ty-ax-fe01.mahattapress.com.ye,mahattapress.com.ye
ty-ax-fe01.mali.com.ye,mali.com.ye
ty-ax-fe01.mam.com.ye,mam.com.ye
ty-ax-fe01.manuscript-yemen.org.ye,manuscript-yemen.org.ye
ty-ax-fe01.maoschoolyemen.com.ye,maoschoolyemen.com.ye
ty-ax-fe01.marassi.com.ye,marassi.com.ye
ty-ax-fe01.marebinsurance.com.ye,marebinsurance.com.ye
ty-ax-fe01.mercuresanaa.com.ye,mercuresanaa.com.ye
ty-ax-fe01.mescoaden.com.ye,mescoaden.com.ye
ty-ax-fe01.metco.com.ye,metco.com.ye
ty-ax-fe01.moc.gov.ye,moc.gov.ye
ty-ax-fe01.moit.gov.ye,moit.gov.ye
ty-ax-fe01.molyemen.com.ye,molyemen.com.ye
ty-ax-fe01.mpwhsanaa.gov.ye,mpwhsanaa.gov.ye
ty-ax-fe01.mpwud.gov.ye,mpwud.gov.ye
ty-ax-fe01.natec.gov.ye,natec.gov.ye
ty-ax-fe01.nationaluni.edu.ye,nationaluni.edu.ye
ty-ax-fe01.natship.com.ye,natship.com.ye
ty-ax-fe01.newage.com.ye,newage.com.ye
ty-ax-fe01.newcity-yemen.com.ye,newcity-yemen.com.ye
ty-ax-fe01.nic.ye,nic.ye
ty-ax-fe01.ntfoyemen.gov.ye,ntfoyemen.gov.ye
ty-ax-fe01.omega.com.ye,omega.com.ye
ty-ax-fe01.omv.com.ye,omv.com.ye
ty-ax-fe01.parliament.gov.ye,parliament.gov.ye
ty-ax-fe01.peoplemedia.com.ye,peoplemedia.com.ye
ty-ax-fe01.po.gov.ye,po.gov.ye
ty-ax-fe01.postcards.ye,postcards.ye
ty-ax-fe01.presidentialoffice.gov.ye,presidentialoffice.gov.ye
ty-ax-fe01.pstc.edu.ye,pstc.edu.ye
ty-ax-fe01.raiby.com.ye,raiby.com.ye
ty-ax-fe01.ramimedical.com.ye,ramimedical.com.ye
ty-ax-fe01.sababank.com.ye,sababank.com.ye
ty-ax-fe01.sabanews.gov.ye,sabanews.gov.ye
ty-ax-fe01.saberhospital.com.ye,saberhospital.com.ye
ty-ax-fe01.safidanone.com.ye,safidanone.com.ye
ty-ax-fe01.sam-bam.com.ye,sam-bam.com.ye
ty-ax-fe01.sammedical.com.ye,sammedical.com.ye
ty-ax-fe01.sanaampwh.gov.ye,sanaampwh.gov.ye
ty-ax-fe01.sccholding.net.ye,sccholding.net.ye
ty-ax-fe01.sepp.com.ye,sepp.com.ye
ty-ax-fe01.september.net.ye,september.net.ye
ty-ax-fe01.shaleif.com.ye,shaleif.com.ye
ty-ax-fe01.shootingbackfromyemen.ye,shootingbackfromyemen.ye
ty-ax-fe01.sigmagroup.com.ye,sigmagroup.com.ye
ty-ax-fe01.skyinnovation.com.ye,skyinnovation.com.ye
ty-ax-fe01.soul.org.ye,soul.org.ye
ty-ax-fe01.spacey.com.ye,spacey.com.ye
ty-ax-fe01.start.edu.ye,start.edu.ye
ty-ax-fe01.survey-authority.gov.ye,survey-authority.gov.ye
ty-ax-fe01.suzuki.com.ye,suzuki.com.ye
ty-ax-fe01.syepco.com.ye,syepco.com.ye
ty-ax-fe01.taizchamber.com.ye,taizchamber.com.ye
ty-ax-fe01.tam-group.com.ye,tam-group.com.ye
ty-ax-fe01.teleyemen.net.ye,teleyemen.net.ye
ty-ax-fe01.teleyemenreports.com.ye,teleyemenreports.com.ye
ty-ax-fe01.tma-photo.com.ye,tma-photo.com.ye
ty-ax-fe01.towaity.com.ye,towaity.com.ye
ty-ax-fe01.toyota.com.ye,toyota.com.ye
ty-ax-fe01.ty.com.ye,ty.com.ye
ty-ax-fe01.tybypass.com.ye,tybypass.com.ye
ty-ax-fe01.tycache.com.ye,tycache.com.ye
ty-ax-fe01.uchp.org.ye,uchp.org.ye
ty-ax-fe01.unionnetwork.com.ye,unionnetwork.com.ye
ty-ax-fe01.update.com.ye,update.com.ye
ty-ax-fe01.voyages-au-yemen.com.ye,voyages-au-yemen.com.ye
ty-ax-fe01.wegos.com.ye,wegos.com.ye
ty-ax-fe01.widyan.com.ye,widyan.com.ye
ty-ax-fe01.yala.org.ye,yala.org.ye
ty-ax-fe01.yamania.gov.ye,yamania.gov.ye
ty-ax-fe01.ybrd.com.ye,ybrd.com.ye
ty-ax-fe01.ycfms.com.ye,ycfms.com.ye
ty-ax-fe01.ycgsi.com.ye,ycgsi.com.ye
ty-ax-fe01.ych.com.ye,ych.com.ye
ty-ax-fe01.ycpd.com.ye,ycpd.com.ye
ty-ax-fe01.yec.edu.ye,yec.edu.ye
ty-ax-fe01.yemac.com.ye,yemac.com.ye
ty-ax-fe01.yemen-cardio.org.ye,yemen-cardio.org.ye
ty-ax-fe01.yemen-wallet.com.ye,yemen-wallet.com.ye
ty-ax-fe01.yemenbasketball.com.ye,yemenbasketball.com.ye
ty-ax-fe01.yemeni-women.org.ye,yemeni-women.org.ye
ty-ax-fe01.yemeninfo.gov.ye,yemeninfo.gov.ye
ty-ax-fe01.yemensadad.net.ye,yemensadad.net.ye
ty-ax-fe01.yemensoft.com.ye,yemensoft.com.ye
ty-ax-fe01.yementhabat.org.ye,yementhabat.org.ye
ty-ax-fe01.yesa.com.ye,yesa.com.ye
ty-ax-fe01.yetp.org.ye,yetp.org.ye
ty-ax-fe01.ylmc.com.ye,ylmc.com.ye
ty-ax-fe01.ylngbalhaf.com.ye,ylngbalhaf.com.ye
ty-ax-fe01.ymd.com.ye,ymd.com.ye
ty-ax-fe01.ynt.com.ye,ynt.com.ye
ty-ax-fe01.yostours.com.ye,yostours.com.ye
ty-ax-fe01.yradio.gov.ye,yradio.gov.ye
ty-ax-fe01.ysrf.org.ye,ysrf.org.ye
ty-ax-fe01.ytel-niit.com.ye,ytel-niit.com.ye
webmail.akgpo.com.ye,akgpo.com.ye
webmail.ar-rasheed.edu.ye,ar-rasheed.edu.ye
webmail.bestfoil.com.ye,bestfoil.com.ye
webmail.brightlink.com.ye,brightlink.com.ye
webmail.ultimate.edu.ye,ultimate.edu.ye
webmail.vertexlifts.com.ye,vertexlifts.com.ye
webmail.ye-cement.com.ye,ye-cement.com.ye
webmail.yemen-wallet.ye,yemen-wallet.ye
