domain,unicode_domain,public_suffix,registration_level
123.com.ye,123.com.ye,com.ye,under_structured_suffix
13june-corp.com.ye,13june-corp.com.ye,com.ye,under_structured_suffix
14october.com.ye,14october.com.ye,com.ye,under_structured_suffix
189.gov.ye,189.gov.ye,gov.ye,under_structured_suffix
189.ye,189.ye,ye,direct_under_ye
1st-b.com.ye,1st-b.com.ye,com.ye,under_structured_suffix
21umas.edu.ye,21umas.edu.ye,edu.ye,under_structured_suffix
3allimni.ye,3allimni.ye,ye,direct_under_ye
3d.com.ye,3d.com.ye,com.ye,under_structured_suffix
4dimensions.com.ye,4dimensions.com.ye,com.ye,under_structured_suffix
7july.edu.ye,7july.edu.ye,edu.ye,under_structured_suffix
7october.com.ye,7october.com.ye,com.ye,under_structured_suffix
aaec.com.ye,aaec.com.ye,com.ye,under_structured_suffix
aau.edu.ye,aau.edu.ye,edu.ye,under_structured_suffix
abiyemen.com.ye,abiyemen.com.ye,com.ye,under_structured_suffix
abo-ragheb.com.ye,abo-ragheb.com.ye,com.ye,under_structured_suffix
abofuad.com.ye,abofuad.com.ye,com.ye,under_structured_suffix
abojameel.com.ye,abojameel.com.ye,com.ye,under_structured_suffix
abomajed.com.ye,abomajed.com.ye,com.ye,under_structured_suffix
abomiskahmauawad.com.ye,abomiskahmauawad.com.ye,com.ye,under_structured_suffix
aboos.org.ye,aboos.org.ye,org.ye,under_structured_suffix
abpco.com.ye,abpco.com.ye,com.ye,under_structured_suffix
abunabgroup.com.ye,abunabgroup.com.ye,com.ye,under_structured_suffix
abuyasser-bros.com.ye,abuyasser-bros.com.ye,com.ye,under_structured_suffix
acf.gov.ye,acf.gov.ye,gov.ye,under_structured_suffix
acp.com.ye,acp.com.ye,com.ye,under_structured_suffix
actnow.org.ye,actnow.org.ye,org.ye,under_structured_suffix
acu.org.ye,acu.org.ye,org.ye,under_structured_suffix
aden.com.ye,aden.com.ye,com.ye,under_structured_suffix
aden.gov.ye,aden.gov.ye,gov.ye,under_structured_suffix
adencement.com.ye,adencement.com.ye,com.ye,under_structured_suffix
adencomplex.com.ye,adencomplex.com.ye,com.ye,under_structured_suffix
adengiu.edu.ye,adengiu.edu.ye,edu.ye,under_structured_suffix
adenradio.gov.ye,adenradio.gov.ye,gov.ye,under_structured_suffix
adentv.ye,adentv.ye,ye,direct_under_ye
adn.com.ye,adn.com.ye,com.ye,under_structured_suffix
adnanco.com.ye,adnanco.com.ye,com.ye,under_structured_suffix
adro.org.ye,adro.org.ye,org.ye,under_structured_suffix
adveva.ye,adveva.ye,ye,direct_under_ye
aero.ye,aero.ye,ye,direct_under_ye
aeticc.com.ye,aeticc.com.ye,com.ye,under_structured_suffix
afmis.gov.ye,afmis.gov.ye,gov.ye,under_structured_suffix
afy.gov.ye,afy.gov.ye,gov.ye,under_structured_suffix
aghhajjah.gov.ye,aghhajjah.gov.ye,gov.ye,under_structured_suffix
agip.com.ye,agip.com.ye,com.ye,under_structured_suffix
agoye.gov.ye,agoye.gov.ye,gov.ye,under_structured_suffix
agriculturalguide.com.ye,agriculturalguide.com.ye,com.ye,under_structured_suffix
agriculture.gov.ye,agriculture.gov.ye,gov.ye,under_structured_suffix
ahd.com.ye,ahd.com.ye,com.ye,under_structured_suffix
ahgaff.com.ye,ahgaff.com.ye,com.ye,under_structured_suffix
ahgaff.edu.ye,ahgaff.edu.ye,edu.ye,under_structured_suffix
ahi-motors.com.ye,ahi-motors.com.ye,com.ye,under_structured_suffix
ahkagroup.com.ye,ahkagroup.com.ye,com.ye,under_structured_suffix
ahm.com.ye,ahm.com.ye,com.ye,under_structured_suffix
ahm.ye,ahm.ye,ye,direct_under_ye
ahmar.com.ye,ahmar.com.ye,com.ye,under_structured_suffix
aic.com.ye,aic.com.ye,com.ye,under_structured_suffix
airtransport.gov.ye,airtransport.gov.ye,gov.ye,under_structured_suffix
ajnadeenpharma.com.ye,ajnadeenpharma.com.ye,com.ye,under_structured_suffix
akgpo.com.ye,akgpo.com.ye,com.ye,under_structured_suffix
al-andalos.com.ye,al-andalos.com.ye,com.ye,under_structured_suffix
al-dhurasiperfumes.com.ye,al-dhurasiperfumes.com.ye,com.ye,under_structured_suffix
al-emadfoundation.com.ye,al-emadfoundation.com.ye,com.ye,under_structured_suffix
al-fath.com.ye,al-fath.com.ye,com.ye,under_structured_suffix
al-fursan.com.ye,al-fursan.com.ye,com.ye,under_structured_suffix
al-kaisfirm.com.ye,al-kaisfirm.com.ye,com.ye,under_structured_suffix
al-mutameizahe.com.ye,al-mutameizahe.com.ye,com.ye,under_structured_suffix
al-rashed.com.ye,al-rashed.com.ye,com.ye,under_structured_suffix
aladelcorp.com.ye,aladelcorp.com.ye,com.ye,under_structured_suffix
alafaq.edu.ye,alafaq.edu.ye,edu.ye,under_structured_suffix
alahlasi.com.ye,alahlasi.com.ye,com.ye,under_structured_suffix
alahliawater.com.ye,alahliawater.com.ye,com.ye,under_structured_suffix
alahlyahpharma.com.ye,alahlyahpharma.com.ye,com.ye,under_structured_suffix
alahmar.com.ye,alahmar.com.ye,com.ye,under_structured_suffix
alahwal.com.ye,alahwal.com.ye,com.ye,under_structured_suffix
alaidrousexchange.com.ye,alaidrousexchange.com.ye,com.ye,under_structured_suffix
alalamiyahexp.com.ye,alalamiyahexp.com.ye,com.ye,under_structured_suffix
alamalbank.com.ye,alamalbank.com.ye,com.ye,under_structured_suffix
alameen.ye,alameen.ye,ye,direct_under_ye
alamjad.edu.ye,alamjad.edu.ye,edu.ye,under_structured_suffix
alanqa.com.ye,alanqa.com.ye,com.ye,under_structured_suffix
alarabiagroup.com.ye,alarabiagroup.com.ye,com.ye,under_structured_suffix
alarabuni.edu.ye,alarabuni.edu.ye,edu.ye,under_structured_suffix
alaskari.com.ye,alaskari.com.ye,com.ye,under_structured_suffix
alaskari.net.ye,alaskari.net.ye,net.ye,under_structured_suffix
alataa.com.ye,alataa.com.ye,com.ye,under_structured_suffix
alataamedical.com.ye,alataamedical.com.ye,com.ye,under_structured_suffix
alatta.org.ye,alatta.org.ye,org.ye,under_structured_suffix
alawaelsmart.com.ye,alawaelsmart.com.ye,com.ye,under_structured_suffix
alayzour-store.net.ye,alayzour-store.net.ye,net.ye,under_structured_suffix
albaath.ye,albaath.ye,ye,direct_under_ye
albadjiexchange.com.ye,albadjiexchange.com.ye,com.ye,under_structured_suffix
albaidany.com.ye,albaidany.com.ye,com.ye,under_structured_suffix
albarakacenter.com.ye,albarakacenter.com.ye,com.ye,under_structured_suffix
albasha.com.ye,albasha.com.ye,com.ye,under_structured_suffix
albaydhahis.gov.ye,albaydhahis.gov.ye,gov.ye,under_structured_suffix
albayyinat.net.ye,albayyinat.net.ye,net.ye,under_structured_suffix
albayynat.net.ye,albayynat.net.ye,net.ye,under_structured_suffix
albidaniex.ye,albidaniex.ye,ye,direct_under_ye
albilad-exch.com.ye,albilad-exch.com.ye,com.ye,under_structured_suffix
alcaontelecom.com.ye,alcaontelecom.com.ye,com.ye,under_structured_suffix
alcomobile.com.ye,alcomobile.com.ye,com.ye,under_structured_suffix
aldhurasi-est.com.ye,aldhurasi-est.com.ye,com.ye,under_structured_suffix
aldowah.com.ye,aldowah.com.ye,com.ye,under_structured_suffix
alemantv.net.ye,alemantv.net.ye,net.ye,under_structured_suffix
alemantv.ye,alemantv.ye,ye,direct_under_ye
alenbehar.com.ye,alenbehar.com.ye,com.ye,under_structured_suffix
alertiqa.edu.ye,alertiqa.edu.ye,edu.ye,under_structured_suffix
alevapharma.com.ye,alevapharma.com.ye,com.ye,under_structured_suffix
alezzpharma.com.ye,alezzpharma.com.ye,com.ye,under_structured_suffix
alfa.com.ye,alfa.com.ye,com.ye,under_structured_suffix
alfahadsecurity.com.ye,alfahadsecurity.com.ye,com.ye,under_structured_suffix
alfaisal-med.com.ye,alfaisal-med.com.ye,com.ye,under_structured_suffix
alfanar.com.ye,alfanar.com.ye,com.ye,under_structured_suffix
alfaresgroup.com.ye,alfaresgroup.com.ye,com.ye,under_structured_suffix
alfaress.com.ye,alfaress.com.ye,com.ye,under_structured_suffix
alforatyemen.com.ye,alforatyemen.com.ye,com.ye,under_structured_suffix
algarmani.com.ye,algarmani.com.ye,com.ye,under_structured_suffix
algeni.com.ye,algeni.com.ye,com.ye,under_structured_suffix
alghadir.com.ye,alghadir.com.ye,com.ye,under_structured_suffix
algossteel.com.ye,algossteel.com.ye,com.ye,under_structured_suffix
algumhorihosp-san.gov.ye,algumhorihosp-san.gov.ye,gov.ye,under_structured_suffix
alhabbari.com.ye,alhabbari.com.ye,com.ye,under_structured_suffix
alhadatha.com.ye,alhadatha.com.ye,com.ye,under_structured_suffix
alhajajigroup.ye,alhajajigroup.ye,ye,direct_under_ye
alhajjiexchange.com.ye,alhajjiexchange.com.ye,com.ye,under_structured_suffix
alhasel-ti.com.ye,alhasel-ti.com.ye,com.ye,under_structured_suffix
alhashdico.com.ye,alhashdico.com.ye,com.ye,under_structured_suffix
alhazmiex1.com.ye,alhazmiex1.com.ye,com.ye,under_structured_suffix
alhezmi.com.ye,alhezmi.com.ye,com.ye,under_structured_suffix
alhitarex.ye,alhitarex.ye,ye,direct_under_ye
alhubishicenter.com.ye,alhubishicenter.com.ye,com.ye,under_structured_suffix
alhudaydahradio.net.ye,alhudaydahradio.net.ye,net.ye,under_structured_suffix
aljabalconsole.com.ye,aljabalconsole.com.ye,com.ye,under_structured_suffix
aljaifi.com.ye,aljaifi.com.ye,com.ye,under_structured_suffix
aljamalitest.com.ye,aljamalitest.com.ye,com.ye,under_structured_suffix
aljawf.gov.ye,aljawf.gov.ye,gov.ye,under_structured_suffix
aljazeeraibb.edu.ye,aljazeeraibb.edu.ye,edu.ye,under_structured_suffix
aljohn.com.ye,aljohn.com.ye,com.ye,under_structured_suffix
aljowf-friends.org.ye,aljowf-friends.org.ye,org.ye,under_structured_suffix
alkabsh.com.ye,alkabsh.com.ye,com.ye,under_structured_suffix
alkantop.com.ye,alkantop.com.ye,com.ye,under_structured_suffix
alkawniapharma.com.ye,alkawniapharma.com.ye,com.ye,under_structured_suffix
alkboos.com.ye,alkboos.com.ye,com.ye,under_structured_suffix
alkirshi.com.ye,alkirshi.com.ye,com.ye,under_structured_suffix
almadar.ye,almadar.ye,ye,direct_under_ye
almajara.com.ye,almajara.com.ye,com.ye,under_structured_suffix
almansoob.com.ye,almansoob.com.ye,com.ye,under_structured_suffix
almarkazia.com.ye,almarkazia.com.ye,com.ye,under_structured_suffix
almasirah.net.ye,almasirah.net.ye,net.ye,under_structured_suffix
almasirah.ye,almasirah.ye,ye,direct_under_ye
almawaddahhospital.com.ye,almawaddahhospital.com.ye,com.ye,under_structured_suffix
almergab.com.ye,almergab.com.ye,com.ye,under_structured_suffix
almillion.com.ye,almillion.com.ye,com.ye,under_structured_suffix
almizantrading.com.ye,almizantrading.com.ye,com.ye,under_structured_suffix
almoheebex.com.ye,almoheebex.com.ye,com.ye,under_structured_suffix
almontab.com.ye,almontab.com.ye,com.ye,under_structured_suffix
almoqritrade.com.ye,almoqritrade.com.ye,com.ye,under_structured_suffix
almutakamila.com.ye,almutakamila.com.ye,com.ye,under_structured_suffix
almutakamila.ye,almutakamila.ye,ye,direct_under_ye
alnada.com.ye,alnada.com.ye,com.ye,under_structured_suffix
alnadacenter.com.ye,alnadacenter.com.ye,com.ye,under_structured_suffix
alnafisuni.edu.ye,alnafisuni.edu.ye,edu.ye,under_structured_suffix
alnahdah.org.ye,alnahdah.org.ye,org.ye,under_structured_suffix
alnamer.com.ye,alnamer.com.ye,com.ye,under_structured_suffix
alnamsapharma.com.ye,alnamsapharma.com.ye,com.ye,under_structured_suffix
alnasim.com.ye,alnasim.com.ye,com.ye,under_structured_suffix
alnasserbros.com.ye,alnasserbros.com.ye,com.ye,under_structured_suffix
alnasserdf.org.ye,alnasserdf.org.ye,org.ye,under_structured_suffix
alnasserexchange.com.ye,alnasserexchange.com.ye,com.ye,under_structured_suffix
alnazihpharma.com.ye,alnazihpharma.com.ye,com.ye,under_structured_suffix
alnehmigroup.ye,alnehmigroup.ye,ye,direct_under_ye
alnoorest.com.ye,alnoorest.com.ye,com.ye,under_structured_suffix
alnuzaily.edu.ye,alnuzaily.edu.ye,edu.ye,under_structured_suffix
alothaib.com.ye,alothaib.com.ye,com.ye,under_structured_suffix
alquranalkareem.ye,alquranalkareem.ye,ye,direct_under_ye
alqureetrading.ye,alqureetrading.ye,ye,direct_under_ye
alrabwah.com.ye,alrabwah.com.ye,com.ye,under_structured_suffix
alraialaam.com.ye,alraialaam.com.ye,com.ye,under_structured_suffix
alrawdaex.ye,alrawdaex.ye,ye,direct_under_ye
alrayan-university.edu.ye,alrayan-university.edu.ye,edu.ye,under_structured_suffix
alraziuni.edu.ye,alraziuni.edu.ye,edu.ye,under_structured_suffix
alrehab.com.ye,alrehab.com.ye,com.ye,under_structured_suffix
alrowaduni.edu.ye,alrowaduni.edu.ye,edu.ye,under_structured_suffix
alrwadcollege.edu.ye,alrwadcollege.edu.ye,edu.ye,under_structured_suffix
alsaedahrawdah.com.ye,alsaedahrawdah.com.ye,com.ye,under_structured_suffix
alsaeed.com.ye,alsaeed.com.ye,com.ye,under_structured_suffix
alsaeeda.com.ye,alsaeeda.com.ye,com.ye,under_structured_suffix
alsaeeduni.edu.ye,alsaeeduni.edu.ye,edu.ye,under_structured_suffix
alsahattv.com.ye,alsahattv.com.ye,com.ye,under_structured_suffix
alsahattv.net.ye,alsahattv.net.ye,net.ye,under_structured_suffix
alsalehssfd.org.ye,alsalehssfd.org.ye,org.ye,under_structured_suffix
alsalehuni.edu.ye,alsalehuni.edu.ye,edu.ye,under_structured_suffix
alsewarri.com.ye,alsewarri.com.ye,com.ye,under_structured_suffix
alshaimagrp.ye,alshaimagrp.ye,ye,direct_under_ye
alshami.com.ye,alshami.com.ye,com.ye,under_structured_suffix
alshefa-import.com.ye,alshefa-import.com.ye,com.ye,under_structured_suffix
alsheharymedical.com.ye,alsheharymedical.com.ye,com.ye,under_structured_suffix
alshmoa.com.ye,alshmoa.com.ye,com.ye,under_structured_suffix
alsuraihigroup.com.ye,alsuraihigroup.com.ye,com.ye,under_structured_suffix
alsyasiah.ye,alsyasiah.ye,ye,direct_under_ye
altaf.org.ye,altaf.org.ye,org.ye,under_structured_suffix
altamimigroup.com.ye,altamimigroup.com.ye,com.ye,under_structured_suffix
altarbiapress.com.ye,altarbiapress.com.ye,com.ye,under_structured_suffix
althawra.gov.ye,althawra.gov.ye,gov.ye,under_structured_suffix
althawrah.ye,althawrah.ye,ye,direct_under_ye
althawrati.edu.ye,althawrati.edu.ye,edu.ye,under_structured_suffix
althawry.org.ye,althawry.org.ye,org.ye,under_structured_suffix
altuhaifgroup.com.ye,altuhaifgroup.com.ye,com.ye,under_structured_suffix
alumniclub.ye,alumniclub.ye,ye,direct_under_ye
alwahashy.com.ye,alwahashy.com.ye,com.ye,under_structured_suffix
alwahda.com.ye,alwahda.com.ye,com.ye,under_structured_suffix
alwahda.gov.ye,alwahda.gov.ye,gov.ye,under_structured_suffix
alwaleedconsultancy.com.ye,alwaleedconsultancy.com.ye,com.ye,under_structured_suffix
alwhed.com.ye,alwhed.com.ye,com.ye,under_structured_suffix
alyemenalsaeed.net.ye,alyemenalsaeed.net.ye,net.ye,under_structured_suffix
alyousef.com.ye,alyousef.com.ye,com.ye,under_structured_suffix
alzubaidi.net.ye,alzubaidi.net.ye,net.ye,under_structured_suffix
alzubairiaa.com.ye,alzubairiaa.com.ye,com.ye,under_structured_suffix
amadeus.com.ye,amadeus.com.ye,com.ye,under_structured_suffix
amalikgc.com.ye,amalikgc.com.ye,com.ye,under_structured_suffix
amana.ye,amana.ye,ye,direct_under_ye
amanaedu.gov.ye,amanaedu.gov.ye,gov.ye,under_structured_suffix
amb.com.ye,amb.com.ye,com.ye,under_structured_suffix
ambitaliasanaa.org.ye,ambitaliasanaa.org.ye,org.ye,under_structured_suffix
americanschool.com.ye,americanschool.com.ye,com.ye,under_structured_suffix
amerycash.com.ye,amerycash.com.ye,com.ye,under_structured_suffix
amext.com.ye,amext.com.ye,com.ye,under_structured_suffix
amlcft.gov.ye,amlcft.gov.ye,gov.ye,under_structured_suffix
amranhealth.gov.ye,amranhealth.gov.ye,gov.ye,under_structured_suffix
ams.com.ye,ams.com.ye,com.ye,under_structured_suffix
amte.com.ye,amte.com.ye,com.ye,under_structured_suffix
amu.edu.ye,amu.edu.ye,edu.ye,under_structured_suffix
ana.com.ye,ana.com.ye,com.ye,under_structured_suffix
and.com.ye,and.com.ye,com.ye,under_structured_suffix
annajm.com.ye,annajm.com.ye,com.ye,under_structured_suffix
annajmmobily.com.ye,annajmmobily.com.ye,com.ye,under_structured_suffix
annajmplus.com.ye,annajmplus.com.ye,com.ye,under_structured_suffix
annajmplus.ye,annajmplus.ye,ye,direct_under_ye
ansarollah.com.ye,ansarollah.com.ye,com.ye,under_structured_suffix
anwar.com.ye,anwar.com.ye,com.ye,under_structured_suffix
aoman.com.ye,aoman.com.ye,com.ye,under_structured_suffix
approvaltelecom.com.ye,approvaltelecom.com.ye,com.ye,under_structured_suffix
apptech.com.ye,apptech.com.ye,com.ye,under_structured_suffix
aqar.ye,aqar.ye,ye,direct_under_ye
ar-rasheed.edu.ye,ar-rasheed.edu.ye,edu.ye,under_structured_suffix
arab-expert.com.ye,arab-expert.com.ye,com.ye,under_structured_suffix
arabfuturehorizn.com.ye,arabfuturehorizn.com.ye,com.ye,under_structured_suffix
arabiafelix.com.ye,arabiafelix.com.ye,com.ye,under_structured_suffix
arcc.com.ye,arcc.com.ye,com.ye,under_structured_suffix
ardnit.com.ye,ardnit.com.ye,com.ye,under_structured_suffix
area.gov.ye,area.gov.ye,gov.ye,under_structured_suffix
arrayamedical.com.ye,arrayamedical.com.ye,com.ye,under_structured_suffix
arts.ye,arts.ye,ye,direct_under_ye
arwauniversity.edu.ye,arwauniversity.edu.ye,edu.ye,under_structured_suffix
asa.com.ye,asa.com.ye,com.ye,under_structured_suffix
asffor.com.ye,asffor.com.ye,com.ye,under_structured_suffix
askmonther.com.ye,askmonther.com.ye,com.ye,under_structured_suffix
assalimi.com.ye,assalimi.com.ye,com.ye,under_structured_suffix
ate.com.ye,ate.com.ye,com.ye,under_structured_suffix
ath.gov.ye,ath.gov.ye,gov.ye,under_structured_suffix
atlasfishing.com.ye,atlasfishing.com.ye,com.ye,under_structured_suffix
attabco.com.ye,attabco.com.ye,com.ye,under_structured_suffix
atwar.com.ye,atwar.com.ye,com.ye,under_structured_suffix
au-foe.edu.ye,au-foe.edu.ye,edu.ye,under_structured_suffix
au.edu.ye,au.edu.ye,edu.ye,under_structured_suffix
auc.com.ye,auc.com.ye,com.ye,under_structured_suffix
auhd.edu.ye,auhd.edu.ye,edu.ye,under_structured_suffix
authmohe.gov.ye,authmohe.gov.ye,gov.ye,under_structured_suffix
automanifest.com.ye,automanifest.com.ye,com.ye,under_structured_suffix
autoreference.com.ye,autoreference.com.ye,com.ye,under_structured_suffix
auy.edu.ye,auy.edu.ye,edu.ye,under_structured_suffix
awadhicorp.com.ye,awadhicorp.com.ye,com.ye,under_structured_suffix
awalnet.net.ye,awalnet.net.ye,net.ye,under_structured_suffix
awareness.org.ye,awareness.org.ye,org.ye,under_structured_suffix
awmanpay.com.ye,awmanpay.com.ye,com.ye,under_structured_suffix
awqaf.com.ye,awqaf.com.ye,com.ye,under_structured_suffix
awqaf.gov.ye,awqaf.gov.ye,gov.ye,under_structured_suffix
awqaf.ye,awqaf.ye,ye,direct_under_ye
axiom.com.ye,axiom.com.ye,com.ye,under_structured_suffix
aylaoasis.com.ye,aylaoasis.com.ye,com.ye,under_structured_suffix
ayma.com.ye,ayma.com.ye,com.ye,under_structured_suffix
azal.edu.ye,azal.edu.ye,edu.ye,under_structured_suffix
azka.com.ye,azka.com.ye,com.ye,under_structured_suffix
azzanpharma.com.ye,azzanpharma.com.ye,com.ye,under_structured_suffix
badeeb.com.ye,badeeb.com.ye,com.ye,under_structured_suffix
bahaj-yemen.com.ye,bahaj-yemen.com.ye,com.ye,under_structured_suffix
bahaj.com.ye,bahaj.com.ye,com.ye,under_structured_suffix
balhamedhogs.com.ye,balhamedhogs.com.ye,com.ye,under_structured_suffix
banafa.net.ye,banafa.net.ye,net.ye,under_structured_suffix
barakhtech.com.ye,barakhtech.com.ye,com.ye,under_structured_suffix
barakishgroup.com.ye,barakishgroup.com.ye,com.ye,under_structured_suffix
basgate.com.ye,basgate.com.ye,com.ye,under_structured_suffix
bashacomputer.com.ye,bashacomputer.com.ye,com.ye,under_structured_suffix
baytboyoot.ye,baytboyoot.ye,ye,direct_under_ye
bdh.edu.ye,bdh.edu.ye,edu.ye,under_structured_suffix
bdic.gov.ye,bdic.gov.ye,gov.ye,under_structured_suffix
bec.com.ye,bec.com.ye,com.ye,under_structured_suffix
beep.edu.ye,beep.edu.ye,edu.ye,under_structured_suffix
belqees.org.ye,belqees.org.ye,org.ye,under_structured_suffix
belqeescollege.edu.ye,belqeescollege.edu.ye,edu.ye,under_structured_suffix
bertix.com.ye,bertix.com.ye,com.ye,under_structured_suffix
bestfoil.com.ye,bestfoil.com.ye,com.ye,under_structured_suffix
betayemen.com.ye,betayemen.com.ye,com.ye,under_structured_suffix
bg.com.ye,bg.com.ye,com.ye,under_structured_suffix
billhost.com.ye,billhost.com.ye,com.ye,under_structured_suffix
bin-saif.com.ye,bin-saif.com.ye,com.ye,under_structured_suffix
bissell.com.ye,bissell.com.ye,com.ye,under_structured_suffix
biz.ye,biz.ye,ye,direct_under_ye
blueseas.com.ye,blueseas.com.ye,com.ye,under_structured_suffix
bluesky.com.ye,bluesky.com.ye,com.ye,under_structured_suffix
blum.ye,blum.ye,ye,direct_under_ye
bolbol-it.ye,bolbol-it.ye,ye,direct_under_ye
bonyan.edu.ye,bonyan.edu.ye,edu.ye,under_structured_suffix
bonyan.org.ye,bonyan.org.ye,org.ye,under_structured_suffix
bordersoffice.gov.ye,bordersoffice.gov.ye,gov.ye,under_structured_suffix
bosch.com.ye,bosch.com.ye,com.ye,under_structured_suffix
brand-electric.com.ye,brand-electric.com.ye,com.ye,under_structured_suffix
brandtech.com.ye,brandtech.com.ye,com.ye,under_structured_suffix
bravda.com.ye,bravda.com.ye,com.ye,under_structured_suffix
brightlink.com.ye,brightlink.com.ye,com.ye,under_structured_suffix
brilliant.com.ye,brilliant.com.ye,com.ye,under_structured_suffix
britishcouncil.org.ye,britishcouncil.org.ye,org.ye,under_structured_suffix
bst.ye,bst.ye,ye,direct_under_ye
bstc.com.ye,bstc.com.ye,com.ye,under_structured_suffix
bugbounty.com.ye,bugbounty.com.ye,com.ye,under_structured_suffix
business.ye,business.ye,ye,direct_under_ye
cacbank.com.ye,cacbank.com.ye,com.ye,under_structured_suffix
cacibt.edu.ye,cacibt.edu.ye,edu.ye,under_structured_suffix
cacinsurance.com.ye,cacinsurance.com.ye,com.ye,under_structured_suffix
cacislamic.com.ye,cacislamic.com.ye,com.ye,under_structured_suffix
cacit.com.ye,cacit.com.ye,com.ye,under_structured_suffix
cacservices.com.ye,cacservices.com.ye,com.ye,under_structured_suffix
calibers.com.ye,calibers.com.ye,com.ye,under_structured_suffix
cama.gov.ye,cama.gov.ye,gov.ye,under_structured_suffix
capitalconsult.com.ye,capitalconsult.com.ye,com.ye,under_structured_suffix
capitalsanaa.gov.ye,capitalsanaa.gov.ye,gov.ye,under_structured_suffix
cappo.gov.ye,cappo.gov.ye,gov.ye,under_structured_suffix
caqa.gov.ye,caqa.gov.ye,gov.ye,under_structured_suffix
carsrental.com.ye,carsrental.com.ye,com.ye,under_structured_suffix
cash.com.ye,cash.com.ye,com.ye,under_structured_suffix
cash.ye,cash.ye,ye,direct_under_ye
catyemen.ye,catyemen.ye,ye,direct_under_ye
cby.gov.ye,cby.gov.ye,gov.ye,under_structured_suffix
cby.ye,cby.ye,ye,direct_under_ye
ccabs.edu.ye,ccabs.edu.ye,edu.ye,under_structured_suffix
ccau.edu.ye,ccau.edu.ye,edu.ye,under_structured_suffix
ccsanaa.com.ye,ccsanaa.com.ye,com.ye,under_structured_suffix
cdu.gov.ye,cdu.gov.ye,gov.ye,under_structured_suffix
cediu.gov.ye,cediu.gov.ye,gov.ye,under_structured_suffix
cefas.com.ye,cefas.com.ye,com.ye,under_structured_suffix
centralbank.gov.ye,centralbank.gov.ye,gov.ye,under_structured_suffix
cggyemen.com.ye,cggyemen.com.ye,com.ye,under_structured_suffix
chemico.com.ye,chemico.com.ye,com.ye,under_structured_suffix
chicco.com.ye,chicco.com.ye,com.ye,under_structured_suffix
childhome.org.ye,childhome.org.ye,org.ye,under_structured_suffix
childrensplace.org.ye,childrensplace.org.ye,org.ye,under_structured_suffix
chrysler.com.ye,chrysler.com.ye,com.ye,under_structured_suffix
cid.gov.ye,cid.gov.ye,gov.ye,under_structured_suffix
ciit.com.ye,ciit.com.ye,com.ye,under_structured_suffix
cityhill.com.ye,cityhill.com.ye,com.ye,under_structured_suffix
civilizationuniv.edu.ye,civilizationuniv.edu.ye,edu.ye,under_structured_suffix
ciy.ye,ciy.ye,ye,direct_under_ye
cleaningfund.gov.ye,cleaningfund.gov.ye,gov.ye,under_structured_suffix
clearparis.ye,clearparis.ye,ye,direct_under_ye
cloud.gov.ye,cloud.gov.ye,gov.ye,under_structured_suffix
cme.com.ye,cme.com.ye,com.ye,under_structured_suffix
cntyemen.com.ye,cntyemen.com.ye,com.ye,under_structured_suffix
coca.gov.ye,coca.gov.ye,gov.ye,under_structured_suffix
codeit.ye,codeit.ye,ye,direct_under_ye
com.ye,com.ye,ye,direct_under_ye
connectarabiatel.ye,connectarabiatel.ye,ye,direct_under_ye
consumeryemen.com.ye,consumeryemen.com.ye,com.ye,under_structured_suffix
cra.gov.ye,cra.gov.ye,gov.ye,under_structured_suffix
crazzypark.com.ye,crazzypark.com.ye,com.ye,under_structured_suffix
crc-yem.com.ye,crc-yem.com.ye,com.ye,under_structured_suffix
criticalvision.com.ye,criticalvision.com.ye,com.ye,under_structured_suffix
crowe.com.ye,crowe.com.ye,com.ye,under_structured_suffix
cs.gov.ye,cs.gov.ye,gov.ye,under_structured_suffix
csky.com.ye,csky.com.ye,com.ye,under_structured_suffix
cso.gov.ye,cso.gov.ye,gov.ye,under_structured_suffix
cssw.org.ye,cssw.org.ye,org.ye,under_structured_suffix
csswyemen.org.ye,csswyemen.org.ye,org.ye,under_structured_suffix
cuas-mof.gov.ye,cuas-mof.gov.ye,gov.ye,under_structured_suffix
curevet.com.ye,curevet.com.ye,com.ye,under_structured_suffix
custom-it.gov.ye,custom-it.gov.ye,gov.ye,under_structured_suffix
customs.gov.ye,customs.gov.ye,gov.ye,under_structured_suffix
dadiah.com.ye,dadiah.com.ye,com.ye,under_structured_suffix
daimlerchrysler.com.ye,daimlerchrysler.com.ye,com.ye,under_structured_suffix
daleel.ye,daleel.ye,ye,direct_under_ye
daraldawas.com.ye,daraldawas.com.ye,com.ye,under_structured_suffix
daralhajarex.com.ye,daralhajarex.com.ye,com.ye,under_structured_suffix
dasweltauto.com.ye,dasweltauto.com.ye,com.ye,under_structured_suffix
dawa.org.ye,dawa.org.ye,org.ye,under_structured_suffix
dcc.edu.ye,dcc.edu.ye,edu.ye,under_structured_suffix
deepsafer.com.ye,deepsafer.com.ye,com.ye,under_structured_suffix
deepsafer.ye,deepsafer.ye,ye,direct_under_ye
deltagrp.com.ye,deltagrp.com.ye,com.ye,under_structured_suffix
demag.com.ye,demag.com.ye,com.ye,under_structured_suffix
demcs.com.ye,demcs.com.ye,com.ye,under_structured_suffix
denkpharma.ye,denkpharma.ye,ye,direct_under_ye
der.gov.ye,der.gov.ye,gov.ye,under_structured_suffix
developerdemo.ye,developerdemo.ye,ye,direct_under_ye
dg.com.ye,dg.com.ye,com.ye,under_structured_suffix
dh.gov.ye,dh.gov.ye,gov.ye,under_structured_suffix
dhamarnet.com.ye,dhamarnet.com.ye,com.ye,under_structured_suffix
dhamarnet.ye,dhamarnet.ye,ye,direct_under_ye
dhamran.com.ye,dhamran.com.ye,com.ye,under_structured_suffix
dhl-exel.com.ye,dhl-exel.com.ye,com.ye,under_structured_suffix
dhl.com.ye,dhl.com.ye,com.ye,under_structured_suffix
dhlexel.com.ye,dhlexel.com.ye,com.ye,under_structured_suffix
digitalcity.com.ye,digitalcity.com.ye,com.ye,under_structured_suffix
digitalsmart.com.ye,digitalsmart.com.ye,com.ye,under_structured_suffix
directory.ye,directory.ye,ye,direct_under_ye
dnb.com.ye,dnb.com.ye,com.ye,under_structured_suffix
dnoyemen.com.ye,dnoyemen.com.ye,com.ye,under_structured_suffix
dns.ye,dns.ye,ye,direct_under_ye
dodge.com.ye,dodge.com.ye,com.ye,under_structured_suffix
dorobalemtiaz.com.ye,dorobalemtiaz.com.ye,com.ye,under_structured_suffix
dovecpf53.com.ye,dovecpf53.com.ye,com.ye,under_structured_suffix
doveyemen.com.ye,doveyemen.com.ye,com.ye,under_structured_suffix
dprdp.com.ye,dprdp.com.ye,com.ye,under_structured_suffix
dreamwear.ye,dreamwear.ye,ye,direct_under_ye
drmikhlafi-hc.com.ye,drmikhlafi-hc.com.ye,com.ye,under_structured_suffix
drooblite.com.ye,drooblite.com.ye,com.ye,under_structured_suffix
dsca.org.ye,dsca.org.ye,org.ye,under_structured_suffix
dse.com.ye,dse.com.ye,com.ye,under_structured_suffix
dsu.edu.ye,dsu.edu.ye,edu.ye,under_structured_suffix
dubaitoys.com.ye,dubaitoys.com.ye,com.ye,under_structured_suffix
dunes.org.ye,dunes.org.ye,org.ye,under_structured_suffix
dunnuraine.com.ye,dunnuraine.com.ye,com.ye,under_structured_suffix
dusu.edu.ye,dusu.edu.ye,edu.ye,under_structured_suffix
e-learning-moe.edu.ye,e-learning-moe.edu.ye,edu.ye,under_structured_suffix
e-moit.gov.ye,e-moit.gov.ye,gov.ye,under_structured_suffix
e-sadad.ye,e-sadad.ye,ye,direct_under_ye
e-school-y.com.ye,e-school-y.com.ye,com.ye,under_structured_suffix
e-tax.gov.ye,e-tax.gov.ye,gov.ye,under_structured_suffix
eaglehotel.com.ye,eaglehotel.com.ye,com.ye,under_structured_suffix
easylife.com.ye,easylife.com.ye,com.ye,under_structured_suffix
easylink.com.ye,easylink.com.ye,com.ye,under_structured_suffix
ebda3soft.com.ye,ebda3soft.com.ye,com.ye,under_structured_suffix
ebdaaalbena.com.ye,ebdaaalbena.com.ye,com.ye,under_structured_suffix
ebdaasoft.com.ye,ebdaasoft.com.ye,com.ye,under_structured_suffix
ebtecarcadcam.com.ye,ebtecarcadcam.com.ye,com.ye,under_structured_suffix
ecc.ye,ecc.ye,ye,direct_under_ye
edu.ye,edu.ye,ye,direct_under_ye
eesdsu.edu.ye,eesdsu.edu.ye,edu.ye,under_structured_suffix
ehcslc.com.ye,ehcslc.com.ye,com.ye,under_structured_suffix
eiu.edu.ye,eiu.edu.ye,edu.ye,under_structured_suffix
elections.gov.ye,elections.gov.ye,gov.ye,under_structured_suffix
elibrary.edu.ye,elibrary.edu.ye,edu.ye,under_structured_suffix
eman-univ.edu.ye,eman-univ.edu.ye,edu.ye,under_structured_suffix
eng-su.edu.ye,eng-su.edu.ye,edu.ye,under_structured_suffix
engazsoft.com.ye,engazsoft.com.ye,com.ye,under_structured_suffix
enjaz.gov.ye,enjaz.gov.ye,gov.ye,under_structured_suffix
eoi.ye,eoi.ye,ye,direct_under_ye
eomnv.gov.ye,eomnv.gov.ye,gov.ye,under_structured_suffix
epa.gov.ye,epa.gov.ye,gov.ye,under_structured_suffix
eskaan.com.ye,eskaan.com.ye,com.ye,under_structured_suffix
eswifi.com.ye,eswifi.com.ye,com.ye,under_structured_suffix
etlobni.com.ye,etlobni.com.ye,com.ye,under_structured_suffix
etqanstar.com.ye,etqanstar.com.ye,com.ye,under_structured_suffix
europcar.com.ye,europcar.com.ye,com.ye,under_structured_suffix
excel.com.ye,excel.com.ye,com.ye,under_structured_suffix
excellent.com.ye,excellent.com.ye,com.ye,under_structured_suffix
falak.com.ye,falak.com.ye,com.ye,under_structured_suffix
falcon-hotel.com.ye,falcon-hotel.com.ye,com.ye,under_structured_suffix
falcons.com.ye,falcons.com.ye,com.ye,under_structured_suffix
fardosco.com.ye,fardosco.com.ye,com.ye,under_structured_suffix
fas-hust.edu.ye,fas-hust.edu.ye,edu.ye,under_structured_suffix
fast.ye,fast.ye,ye,direct_under_ye
fastcar.com.ye,fastcar.com.ye,com.ye,under_structured_suffix
fastlink.com.ye,fastlink.com.ye,com.ye,under_structured_suffix
fewtexglobal.com.ye,fewtexglobal.com.ye,com.ye,under_structured_suffix
fewtexglobalcorp.com.ye,fewtexglobalcorp.com.ye,com.ye,under_structured_suffix
firstnovartic.com.ye,firstnovartic.com.ye,com.ye,under_structured_suffix
firstsunenergy.com.ye,firstsunenergy.com.ye,com.ye,under_structured_suffix
fiu.gov.ye,fiu.gov.ye,gov.ye,under_structured_suffix
flamco.com.ye,flamco.com.ye,com.ye,under_structured_suffix
floosak.ye,floosak.ye,ye,direct_under_ye
folderstech.com.ye,folderstech.com.ye,com.ye,under_structured_suffix
folsu.ye,folsu.ye,ye,direct_under_ye
fortech.com.ye,fortech.com.ye,com.ye,under_structured_suffix
fortressmed.com.ye,fortressmed.com.ye,com.ye,under_structured_suffix
fourseasons.com.ye,fourseasons.com.ye,com.ye,under_structured_suffix
france-ph.com.ye,france-ph.com.ye,com.ye,under_structured_suffix
freindi.com.ye,freindi.com.ye,com.ye,under_structured_suffix
freindi.ye,freindi.ye,ye,direct_under_ye
freindimobile.com.ye,freindimobile.com.ye,com.ye,under_structured_suffix
freindy.com.ye,freindy.com.ye,com.ye,under_structured_suffix
freindy.ye,freindy.ye,ye,direct_under_ye
freindymobile.com.ye,freindymobile.com.ye,com.ye,under_structured_suffix
frendymobile.com.ye,frendymobile.com.ye,com.ye,under_structured_suffix
friendi.com.ye,friendi.com.ye,com.ye,under_structured_suffix
friendiyemen.ye,friendiyemen.ye,ye,direct_under_ye
friendy.com.ye,friendy.com.ye,com.ye,under_structured_suffix
friendymobile.com.ye,friendymobile.com.ye,com.ye,under_structured_suffix
fscyu24.edu.ye,fscyu24.edu.ye,edu.ye,under_structured_suffix
fuchs.com.ye,fuchs.com.ye,com.ye,under_structured_suffix
fuchsoil.com.ye,fuchsoil.com.ye,com.ye,under_structured_suffix
fuchsoilyemen.com.ye,fuchsoilyemen.com.ye,com.ye,under_structured_suffix
fujifilm.com.ye,fujifilm.com.ye,com.ye,under_structured_suffix
fujitsu.com.ye,fujitsu.com.ye,com.ye,under_structured_suffix
fulltech.com.ye,fulltech.com.ye,com.ye,under_structured_suffix
futurecomputer.com.ye,futurecomputer.com.ye,com.ye,under_structured_suffix
futureenergy.com.ye,futureenergy.com.ye,com.ye,under_structured_suffix
fuy.edu.ye,fuy.edu.ye,edu.ye,under_structured_suffix
g4s.com.ye,g4s.com.ye,com.ye,under_structured_suffix
gabpd.gov.ye,gabpd.gov.ye,gov.ye,under_structured_suffix
gaiu.edu.ye,gaiu.edu.ye,edu.ye,under_structured_suffix
galsub.gov.ye,galsub.gov.ye,gov.ye,under_structured_suffix
galsup.gov.ye,galsup.gov.ye,gov.ye,under_structured_suffix
gamaltrans.ye,gamaltrans.ye,ye,direct_under_ye
garninpharma.com.ye,garninpharma.com.ye,com.ye,under_structured_suffix
garwsp-eu.gov.ye,garwsp-eu.gov.ye,gov.ye,under_structured_suffix
garwsp.gov.ye,garwsp.gov.ye,gov.ye,under_structured_suffix
garwsp.org.ye,garwsp.org.ye,org.ye,under_structured_suffix
gasmed.gov.ye,gasmed.gov.ye,gov.ye,under_structured_suffix
gassp.ye,gassp.ye,ye,direct_under_ye
gasspy.gov.ye,gasspy.gov.ye,gov.ye,under_structured_suffix
gateway.com.ye,gateway.com.ye,com.ye,under_structured_suffix
gbs.edu.ye,gbs.edu.ye,edu.ye,under_structured_suffix
gcnic.com.ye,gcnic.com.ye,com.ye,under_structured_suffix
gcrb.gov.ye,gcrb.gov.ye,gov.ye,under_structured_suffix
gcsbpp.gov.ye,gcsbpp.gov.ye,gov.ye,under_structured_suffix
gcss.ye,gcss.ye,ye,direct_under_ye
genevacorp.com.ye,genevacorp.com.ye,com.ye,under_structured_suffix
geni.com.ye,geni.com.ye,com.ye,under_structured_suffix
genral-pc.gov.ye,genral-pc.gov.ye,gov.ye,under_structured_suffix
geomatry.com.ye,geomatry.com.ye,com.ye,under_structured_suffix
geoportal.gov.ye,geoportal.gov.ye,gov.ye,under_structured_suffix
geoyemen.ye,geoyemen.ye,ye,direct_under_ye
germancollege.edu.ye,germancollege.edu.ye,edu.ye,under_structured_suffix
gfalcon.com.ye,gfalcon.com.ye,com.ye,under_structured_suffix
gfhasi.com.ye,gfhasi.com.ye,com.ye,under_structured_suffix
ghars.org.ye,ghars.org.ye,org.ye,under_structured_suffix
ghg.ye,ghg.ye,ye,direct_under_ye
ghosanaa.gov.ye,ghosanaa.gov.ye,gov.ye,under_structured_suffix
gia.gov.ye,gia.gov.ye,gov.ye,under_structured_suffix
giay.gov.ye,giay.gov.ye,gov.ye,under_structured_suffix
gis.gov.ye,gis.gov.ye,gov.ye,under_structured_suffix
glaxosmithkline.com.ye,glaxosmithkline.com.ye,com.ye,under_structured_suffix
glaxosmithkline.net.ye,glaxosmithkline.net.ye,net.ye,under_structured_suffix
global-ms.ye,global-ms.ye,ye,direct_under_ye
globalhopepharma.com.ye,globalhopepharma.com.ye,com.ye,under_structured_suffix
glowmarkip.com.ye,glowmarkip.com.ye,com.ye,under_structured_suffix
gmghaden.com.ye,gmghaden.com.ye,com.ye,under_structured_suffix
goam.gov.ye,goam.gov.ye,gov.ye,under_structured_suffix
goldengateyemen.com.ye,goldengateyemen.com.ye,com.ye,under_structured_suffix
goldenhands.com.ye,goldenhands.com.ye,com.ye,under_structured_suffix
goldenhawk.com.ye,goldenhawk.com.ye,com.ye,under_structured_suffix
goldenhouse.com.ye,goldenhouse.com.ye,com.ye,under_structured_suffix
goldstar.com.ye,goldstar.com.ye,com.ye,under_structured_suffix
gotech.com.ye,gotech.com.ye,com.ye,under_structured_suffix
gov.ye,gov.ye,ye,direct_under_ye
gpc.org.ye,gpc.org.ye,org.ye,under_structured_suffix
grainunion.ye,grainunion.ye,ye,direct_under_ye
granada.com.ye,granada.com.ye,com.ye,under_structured_suffix
grantthornton.com.ye,grantthornton.com.ye,com.ye,under_structured_suffix
gree.com.ye,gree.com.ye,com.ye,under_structured_suffix
greenyemen.com.ye,greenyemen.com.ye,com.ye,under_structured_suffix
griffin.com.ye,griffin.com.ye,com.ye,under_structured_suffix
group4securicor.com.ye,group4securicor.com.ye,com.ye,under_structured_suffix
gscp.gov.ye,gscp.gov.ye,gov.ye,under_structured_suffix
gsdo.org.ye,gsdo.org.ye,org.ye,under_structured_suffix
gsh.com.ye,gsh.com.ye,com.ye,under_structured_suffix
gsk.com.ye,gsk.com.ye,com.ye,under_structured_suffix
gsk.net.ye,gsk.net.ye,net.ye,under_structured_suffix
gspr.gov.ye,gspr.gov.ye,gov.ye,under_structured_suffix
gsr.com.ye,gsr.com.ye,com.ye,under_structured_suffix
gti-elearn.edu.ye,gti-elearn.edu.ye,edu.ye,under_structured_suffix
gti.edu.ye,gti.edu.ye,edu.ye,under_structured_suffix
gtz-sfs.com.ye,gtz-sfs.com.ye,com.ye,under_structured_suffix
guail.com.ye,guail.com.ye,com.ye,under_structured_suffix
gulfcare.ye,gulfcare.ye,ye,direct_under_ye
gulffactory.com.ye,gulffactory.com.ye,com.ye,under_structured_suffix
gulfnow.com.ye,gulfnow.com.ye,com.ye,under_structured_suffix
gulfpay.com.ye,gulfpay.com.ye,com.ye,under_structured_suffix
gust.edu.ye,gust.edu.ye,edu.ye,under_structured_suffix
gysco.com.ye,gysco.com.ye,com.ye,under_structured_suffix
h4.com.ye,h4.com.ye,com.ye,under_structured_suffix
hababigroup.com.ye,hababigroup.com.ye,com.ye,under_structured_suffix
haddelivery.com.ye,haddelivery.com.ye,com.ye,under_structured_suffix
hadhramout.gov.ye,hadhramout.gov.ye,gov.ye,under_structured_suffix
hadmothtl.com.ye,hadmothtl.com.ye,com.ye,under_structured_suffix
haj.gov.ye,haj.gov.ye,gov.ye,under_structured_suffix
hajjahmla.gov.ye,hajjahmla.gov.ye,gov.ye,under_structured_suffix
hajjahradio.net.ye,hajjahradio.net.ye,net.ye,under_structured_suffix
halsanea.com.ye,halsanea.com.ye,com.ye,under_structured_suffix
hasco.com.ye,hasco.com.ye,com.ye,under_structured_suffix
hascoshell.com.ye,hascoshell.com.ye,com.ye,under_structured_suffix
hasti.gov.ye,hasti.gov.ye,gov.ye,under_structured_suffix
hasti.ye,hasti.ye,ye,direct_under_ye
hastierp.gov.ye,hastierp.gov.ye,gov.ye,under_structured_suffix
hatco.com.ye,hatco.com.ye,com.ye,under_structured_suffix
hau.edu.ye,hau.edu.ye,edu.ye,under_structured_suffix
hayat-karimafsd.org.ye,hayat-karimafsd.org.ye,org.ye,under_structured_suffix
hayya.com.ye,hayya.com.ye,com.ye,under_structured_suffix
hcbank.com.ye,hcbank.com.ye,com.ye,under_structured_suffix
hccceb.edu.ye,hccceb.edu.ye,edu.ye,under_structured_suffix
headstart.edu.ye,headstart.edu.ye,edu.ye,under_structured_suffix
healtheye.com.ye,healtheye.com.ye,com.ye,under_structured_suffix
healthgeneration.com.ye,healthgeneration.com.ye,com.ye,under_structured_suffix
hellotravel.com.ye,hellotravel.com.ye,com.ye,under_structured_suffix
hereis.ye,hereis.ye,ye,direct_under_ye
hhbyemen.com.ye,hhbyemen.com.ye,com.ye,under_structured_suffix
hhord.org.ye,hhord.org.ye,org.ye,under_structured_suffix
hic.edu.ye,hic.edu.ye,edu.ye,under_structured_suffix
hihs.edu.ye,hihs.edu.ye,edu.ye,under_structured_suffix
hikma.edu.ye,hikma.edu.ye,edu.ye,under_structured_suffix
hilti.com.ye,hilti.com.ye,com.ye,under_structured_suffix
himel.ye,himel.ye,ye,direct_under_ye
hmf.com.ye,hmf.com.ye,com.ye,under_structured_suffix
hocc.gov.ye,hocc.gov.ye,gov.ye,under_structured_suffix
hod.gov.ye,hod.gov.ye,gov.ye,under_structured_suffix
hodship.com.ye,hodship.com.ye,com.ye,under_structured_suffix
hoduniv.edu.ye,hoduniv.edu.ye,edu.ye,under_structured_suffix
hoduniv.net.ye,hoduniv.net.ye,net.ye,under_structured_suffix
holland.com.ye,holland.com.ye,com.ye,under_structured_suffix
hopper.com.ye,hopper.com.ye,com.ye,under_structured_suffix
hospital.ye,hospital.ye,ye,direct_under_ye
host.net.ye,host.net.ye,net.ye,under_structured_suffix
houseofdonuts.com.ye,houseofdonuts.com.ye,com.ye,under_structured_suffix
housewareworld.com.ye,housewareworld.com.ye,com.ye,under_structured_suffix
hritc.org.ye,hritc.org.ye,org.ye,under_structured_suffix
hsa.com.ye,hsa.com.ye,com.ye,under_structured_suffix
hsatco.com.ye,hsatco.com.ye,com.ye,under_structured_suffix
htb.gov.ye,htb.gov.ye,gov.ye,under_structured_suffix
hu.edu.ye,hu.edu.ye,edu.ye,under_structured_suffix
huawei.com.ye,huawei.com.ye,com.ye,under_structured_suffix
hucom.edu.ye,hucom.edu.ye,edu.ye,under_structured_suffix
humanyemen.org.ye,humanyemen.org.ye,org.ye,under_structured_suffix
hust.edu.ye,hust.edu.ye,edu.ye,under_structured_suffix
hy-ye.com.ye,hy-ye.com.ye,com.ye,under_structured_suffix
hypercall.com.ye,hypercall.com.ye,com.ye,under_structured_suffix
hyzpower-s.com.ye,hyzpower-s.com.ye,com.ye,under_structured_suffix
ibb-wslc.gov.ye,ibb-wslc.gov.ye,gov.ye,under_structured_suffix
ibbuniv.edu.ye,ibbuniv.edu.ye,edu.ye,under_structured_suffix
ibbunv.com.ye,ibbunv.com.ye,com.ye,under_structured_suffix
ibnalhajpoultry.com.ye,ibnalhajpoultry.com.ye,com.ye,under_structured_suffix
ibnalkadri.com.ye,ibnalkadri.com.ye,com.ye,under_structured_suffix
ibnzhr.com.ye,ibnzhr.com.ye,com.ye,under_structured_suffix
ibs.edu.ye,ibs.edu.ye,edu.ye,under_structured_suffix
ic.gov.ye,ic.gov.ye,gov.ye,under_structured_suffix
icdl.ye,icdl.ye,ye,direct_under_ye
ict.ye,ict.ye,ye,direct_under_ye
ictstockholder-yemen.net.ye,ictstockholder-yemen.net.ye,net.ye,under_structured_suffix
idea-advs.com.ye,idea-advs.com.ye,com.ye,under_structured_suffix
idrees.com.ye,idrees.com.ye,com.ye,under_structured_suffix
iff.org.ye,iff.org.ye,org.ye,under_structured_suffix
ihuk.org.ye,ihuk.org.ye,org.ye,under_structured_suffix
ikea.com.ye,ikea.com.ye,com.ye,under_structured_suffix
impact.com.ye,impact.com.ye,com.ye,under_structured_suffix
imtiaz.com.ye,imtiaz.com.ye,com.ye,under_structured_suffix
imu.edu.ye,imu.edu.ye,edu.ye,under_structured_suffix
in.gov.ye,in.gov.ye,gov.ye,under_structured_suffix
indparkye.gov.ye,indparkye.gov.ye,gov.ye,under_structured_suffix
informationland.com.ye,informationland.com.ye,com.ye,under_structured_suffix
inmapharma.com.ye,inmapharma.com.ye,com.ye,under_structured_suffix
innocence.org.ye,innocence.org.ye,org.ye,under_structured_suffix
innova.com.ye,innova.com.ye,com.ye,under_structured_suffix
innova.net.ye,innova.net.ye,net.ye,under_structured_suffix
innova.ye,innova.ye,ye,direct_under_ye
interfood.ye,interfood.ye,ye,direct_under_ye
intergroup.com.ye,intergroup.com.ye,com.ye,under_structured_suffix
invest.ye,invest.ye,ye,direct_under_ye
investinyemen.gov.ye,investinyemen.gov.ye,gov.ye,under_structured_suffix
ipna.gov.ye,ipna.gov.ye,gov.ye,under_structured_suffix
ipocm.org.ye,ipocm.org.ye,org.ye,under_structured_suffix
ipv6.ye,ipv6.ye,ye,direct_under_ye
iqos.com.ye,iqos.com.ye,com.ye,under_structured_suffix
iqraa.edu.ye,iqraa.edu.ye,edu.ye,under_structured_suffix
ishaqdrilling.com.ye,ishaqdrilling.com.ye,com.ye,under_structured_suffix
isiu.edu.ye,isiu.edu.ye,edu.ye,under_structured_suffix
isoc.org.ye,isoc.org.ye,org.ye,under_structured_suffix
isoc.ye,isoc.ye,ye,direct_under_ye
itunesradio.com.ye,itunesradio.com.ye,com.ye,under_structured_suffix
iutt.edu.ye,iutt.edu.ye,edu.ye,under_structured_suffix
iy.com.ye,iy.com.ye,com.ye,under_structured_suffix
jaib.com.ye,jaib.com.ye,com.ye,under_structured_suffix
jan.com.ye,jan.com.ye,com.ye,under_structured_suffix
janataljawf.org.ye,janataljawf.org.ye,org.ye,under_structured_suffix
jannat.com.ye,jannat.com.ye,com.ye,under_structured_suffix
japanembassy.gov.ye,japanembassy.gov.ye,gov.ye,under_structured_suffix
jawali-ye.com.ye,jawali-ye.com.ye,com.ye,under_structured_suffix
jawali.com.ye,jawali.com.ye,com.ye,under_structured_suffix
jawber.com.ye,jawber.com.ye,com.ye,under_structured_suffix
jeapyemen.org.ye,jeapyemen.org.ye,org.ye,under_structured_suffix
jeelalresala.edu.ye,jeelalresala.edu.ye,edu.ye,under_structured_suffix
jia-au.gov.ye,jia-au.gov.ye,gov.ye,under_structured_suffix
jia.gov.ye,jia.gov.ye,gov.ye,under_structured_suffix
jica-tb-control.org.ye,jica-tb-control.org.ye,org.ye,under_structured_suffix
jklsanaa.gov.ye,jklsanaa.gov.ye,gov.ye,under_structured_suffix
jmoeew.gov.ye,jmoeew.gov.ye,gov.ye,under_structured_suffix
joost.com.ye,joost.com.ye,com.ye,under_structured_suffix
jordan-medical.com.ye,jordan-medical.com.ye,com.ye,under_structured_suffix
jthamararts.edu.ye,jthamararts.edu.ye,edu.ye,under_structured_suffix
jubarigroup.com.ye,jubarigroup.com.ye,com.ye,under_structured_suffix
jumaanex.com.ye,jumaanex.com.ye,com.ye,under_structured_suffix
jums.edu.ye,jums.edu.ye,edu.ye,under_structured_suffix
just.edu.ye,just.edu.ye,edu.ye,under_structured_suffix
kafi.com.ye,kafi.com.ye,com.ye,under_structured_suffix
kam-alshebrycon.com.ye,kam-alshebrycon.com.ye,com.ye,under_structured_suffix
kayan.com.ye,kayan.com.ye,com.ye,under_structured_suffix
kaymu.com.ye,kaymu.com.ye,com.ye,under_structured_suffix
kbrisanaa.org.ye,kbrisanaa.org.ye,org.ye,under_structured_suffix
kbtc.com.ye,kbtc.com.ye,com.ye,under_structured_suffix
kendafields.ye,kendafields.ye,ye,direct_under_ye
kfd.org.ye,kfd.org.ye,org.ye,under_structured_suffix
kfw-sanaa.com.ye,kfw-sanaa.com.ye,com.ye,under_structured_suffix
kingsoft.com.ye,kingsoft.com.ye,com.ye,under_structured_suffix
kirbyyemen.com.ye,kirbyyemen.com.ye,com.ye,under_structured_suffix
kmsu.edu.ye,kmsu.edu.ye,edu.ye,under_structured_suffix
krm.com.ye,krm.com.ye,com.ye,under_structured_suffix
krm.net.ye,krm.net.ye,net.ye,under_structured_suffix
krmbank.net.ye,krmbank.net.ye,net.ye,under_structured_suffix
kuraimibank.ye,kuraimibank.ye,ye,direct_under_ye
lagonda.com.ye,lagonda.com.ye,com.ye,under_structured_suffix
law.ye,law.ye,ye,direct_under_ye
lawitelecom.ye,lawitelecom.ye,ye,direct_under_ye
lawzicompany.com.ye,lawzicompany.com.ye,com.ye,under_structured_suffix
legal-affairs.gov.ye,legal-affairs.gov.ye,gov.ye,under_structured_suffix
legalaffairs.gov.ye,legalaffairs.gov.ye,gov.ye,under_structured_suffix
lifetech.com.ye,lifetech.com.ye,com.ye,under_structured_suffix
limkokwing.edu.ye,limkokwing.edu.ye,edu.ye,under_structured_suffix
linkads.ye,linkads.ye,ye,direct_under_ye
lion.com.ye,lion.com.ye,com.ye,under_structured_suffix
liu.edu.ye,liu.edu.ye,edu.ye,under_structured_suffix
lmis-mohp.com.ye,lmis-mohp.com.ye,com.ye,under_structured_suffix
lmis.com.ye,lmis.com.ye,com.ye,under_structured_suffix
logex.com.ye,logex.com.ye,com.ye,under_structured_suffix
ltaa.gov.ye,ltaa.gov.ye,gov.ye,under_structured_suffix
ltmobile.com.ye,ltmobile.com.ye,com.ye,under_structured_suffix
lts.com.ye,lts.com.ye,com.ye,under_structured_suffix
luluatlbahr.net.ye,luluatlbahr.net.ye,net.ye,under_structured_suffix
lumon.com.ye,lumon.com.ye,com.ye,under_structured_suffix
luxcars.com.ye,luxcars.com.ye,com.ye,under_structured_suffix
m-tam.com.ye,m-tam.com.ye,com.ye,under_structured_suffix
ma-ibb.gov.ye,ma-ibb.gov.ye,gov.ye,under_structured_suffix
maa.gov.ye,maa.gov.ye,gov.ye,under_structured_suffix
madd.com.ye,madd.com.ye,com.ye,under_structured_suffix
madhagefederation.com.ye,madhagefederation.com.ye,com.ye,under_structured_suffix
mafco.com.ye,mafco.com.ye,com.ye,under_structured_suffix
mafwr.gov.ye,mafwr.gov.ye,gov.ye,under_structured_suffix
magnico.com.ye,magnico.com.ye,com.ye,under_structured_suffix
mahattapress.com.ye,mahattapress.com.ye,com.ye,under_structured_suffix
maicorp.com.ye,maicorp.com.ye,com.ye,under_structured_suffix
mail.gov.ye,mail.gov.ye,gov.ye,under_structured_suffix
majd.com.ye,majd.com.ye,com.ye,under_structured_suffix
majeedigroup.com.ye,majeedigroup.com.ye,com.ye,under_structured_suffix
makehope.org.ye,makehope.org.ye,org.ye,under_structured_suffix
mali.com.ye,mali.com.ye,com.ye,under_structured_suffix
mam.com.ye,mam.com.ye,com.ye,under_structured_suffix
mamoon-mobiley.com.ye,mamoon-mobiley.com.ye,com.ye,under_structured_suffix
manafiealyemen.com.ye,manafiealyemen.com.ye,com.ye,under_structured_suffix
manafsoft.com.ye,manafsoft.com.ye,com.ye,under_structured_suffix
manuscript-yemen.org.ye,manuscript-yemen.org.ye,org.ye,under_structured_suffix
manuscripts.gov.ye,manuscripts.gov.ye,gov.ye,under_structured_suffix
maoschoolyemen.com.ye,maoschoolyemen.com.ye,com.ye,under_structured_suffix
map.ye,map.ye,ye,direct_under_ye
maps.ye,maps.ye,ye,direct_under_ye
marassi.com.ye,marassi.com.ye,com.ye,under_structured_suffix
marconisoft.com.ye,marconisoft.com.ye,com.ye,under_structured_suffix
mareb-jewelry.com.ye,mareb-jewelry.com.ye,com.ye,under_structured_suffix
marebinsurance.com.ye,marebinsurance.com.ye,com.ye,under_structured_suffix
marvelflts.com.ye,marvelflts.com.ye,com.ye,under_structured_suffix
master-mce.net.ye,master-mce.net.ye,net.ye,under_structured_suffix
matrix.com.ye,matrix.com.ye,com.ye,under_structured_suffix
mawanisoft.com.ye,mawanisoft.com.ye,com.ye,under_structured_suffix
mayohospital.net.ye,mayohospital.net.ye,net.ye,under_structured_suffix
mctqi.gov.ye,mctqi.gov.ye,gov.ye,under_structured_suffix
mdarahim.com.ye,mdarahim.com.ye,com.ye,under_structured_suffix
mdi.ye,mdi.ye,ye,direct_under_ye
me.ye,me.ye,ye,direct_under_ye
mechasoft.com.ye,mechasoft.com.ye,com.ye,under_structured_suffix
med-su.edu.ye,med-su.edu.ye,edu.ye,under_structured_suffix
medicate-me.com.ye,medicate-me.com.ye,com.ye,under_structured_suffix
medicinepharma.com.ye,medicinepharma.com.ye,com.ye,under_structured_suffix
medics-connect.com.ye,medics-connect.com.ye,com.ye,under_structured_suffix
meetingyemen.ye,meetingyemen.ye,ye,direct_under_ye
meftah.com.ye,meftah.com.ye,com.ye,under_structured_suffix
meoh.gov.ye,meoh.gov.ye,gov.ye,under_structured_suffix
mercedes-benz.com.ye,mercedes-benz.com.ye,com.ye,under_structured_suffix
mercedes.com.ye,mercedes.com.ye,com.ye,under_structured_suffix
mercedesbenz.com.ye,mercedesbenz.com.ye,com.ye,under_structured_suffix
mercuresanaa.com.ye,mercuresanaa.com.ye,com.ye,under_structured_suffix
mescoaden.com.ye,mescoaden.com.ye,com.ye,under_structured_suffix
metco.com.ye,metco.com.ye,com.ye,under_structured_suffix
meu.edu.ye,meu.edu.ye,edu.ye,under_structured_suffix
meunit.ye,meunit.ye,ye,direct_under_ye
meyon.com.ye,meyon.com.ye,com.ye,under_structured_suffix
mfw.gov.ye,mfw.gov.ye,gov.ye,under_structured_suffix
mhru.edu.ye,mhru.edu.ye,edu.ye,under_structured_suffix
microtech.net.ye,microtech.net.ye,net.ye,under_structured_suffix
mii.edu.ye,mii.edu.ye,edu.ye,under_structured_suffix
mil.ye,mil.ye,ye,direct_under_ye
millennum.com.ye,millennum.com.ye,com.ye,under_structured_suffix
mineaction.ye,mineaction.ye,ye,direct_under_ye
mit.com.ye,mit.com.ye,com.ye,under_structured_suffix
mlcyemen.com.ye,mlcyemen.com.ye,com.ye,under_structured_suffix
mmdrive.ye,mmdrive.ye,ye,direct_under_ye
mmy.gov.ye,mmy.gov.ye,gov.ye,under_structured_suffix
mmy.ye,mmy.ye,ye,direct_under_ye
moai.gov.ye,moai.gov.ye,gov.ye,under_structured_suffix
mobilemoney.com.ye,mobilemoney.com.ye,com.ye,under_structured_suffix
mobileybrd.com.ye,mobileybrd.com.ye,com.ye,under_structured_suffix
moc.gov.ye,moc.gov.ye,gov.ye,under_structured_suffix
mocsi.gov.ye,mocsi.gov.ye,gov.ye,under_structured_suffix
modernity.com.ye,modernity.com.ye,com.ye,under_structured_suffix
modernsoft.com.ye,modernsoft.com.ye,com.ye,under_structured_suffix
moe.gov.ye,moe.gov.ye,gov.ye,under_structured_suffix
moee.gov.ye,moee.gov.ye,gov.ye,under_structured_suffix
mof.gov.ye,mof.gov.ye,gov.ye,under_structured_suffix
mofa.gov.ye,mofa.gov.ye,gov.ye,under_structured_suffix
mogaly.com.ye,mogaly.com.ye,com.ye,under_structured_suffix
moh-albeydani.com.ye,moh-albeydani.com.ye,com.ye,under_structured_suffix
moh.gov.ye,moh.gov.ye,gov.ye,under_structured_suffix
mohamoon-taiz.org.ye,mohamoon-taiz.org.ye,org.ye,under_structured_suffix
mohd.org.ye,mohd.org.ye,org.ye,under_structured_suffix
mohe.gov.ye,mohe.gov.ye,gov.ye,under_structured_suffix
moheetexpress.com.ye,moheetexpress.com.ye,com.ye,under_structured_suffix
mohesr.gov.ye,mohesr.gov.ye,gov.ye,under_structured_suffix
moia.gov.ye,moia.gov.ye,gov.ye,under_structured_suffix
moit.gov.ye,moit.gov.ye,gov.ye,under_structured_suffix
moit.ye,moit.ye,ye,direct_under_ye
moj.gov.ye,moj.gov.ye,gov.ye,under_structured_suffix
molay.gov.ye,molay.gov.ye,gov.ye,under_structured_suffix
molayemen.gov.ye,molayemen.gov.ye,gov.ye,under_structured_suffix
molyemen.com.ye,molyemen.com.ye,com.ye,under_structured_suffix
mom-medical.gov.ye,mom-medical.gov.ye,gov.ye,under_structured_suffix
mom.gov.ye,mom.gov.ye,gov.ye,under_structured_suffix
moore-yemen.com.ye,moore-yemen.com.ye,com.ye,under_structured_suffix
mosal.gov.ye,mosal.gov.ye,gov.ye,under_structured_suffix
mot.gov.ye,mot.gov.ye,gov.ye,under_structured_suffix
mozn.com.ye,mozn.com.ye,com.ye,under_structured_suffix
mpay.com.ye,mpay.com.ye,com.ye,under_structured_suffix
mpay.ye,mpay.ye,ye,direct_under_ye
mpc.com.ye,mpc.com.ye,com.ye,under_structured_suffix
mpic-aden.gov.ye,mpic-aden.gov.ye,gov.ye,under_structured_suffix
mpwhsanaa.gov.ye,mpwhsanaa.gov.ye,gov.ye,under_structured_suffix
mpwud.gov.ye,mpwud.gov.ye,gov.ye,under_structured_suffix
mq.com.ye,mq.com.ye,com.ye,under_structured_suffix
mrpro.com.ye,mrpro.com.ye,com.ye,under_structured_suffix
mscollege.edu.ye,mscollege.edu.ye,edu.ye,under_structured_suffix
msdc.gov.ye,msdc.gov.ye,gov.ye,under_structured_suffix
msu.edu.ye,msu.edu.ye,edu.ye,under_structured_suffix
msw.gov.ye,msw.gov.ye,gov.ye,under_structured_suffix
mtevt.gov.ye,mtevt.gov.ye,gov.ye,under_structured_suffix
mtex.ye,mtex.ye,ye,direct_under_ye
mtit.gov.ye,mtit.gov.ye,gov.ye,under_structured_suffix
mtn.com.ye,mtn.com.ye,com.ye,under_structured_suffix
mtnapp.com.ye,mtnapp.com.ye,com.ye,under_structured_suffix
mtnmobilemoney.com.ye,mtnmobilemoney.com.ye,com.ye,under_structured_suffix
mtnplay.com.ye,mtnplay.com.ye,com.ye,under_structured_suffix
mtnsdp.com.ye,mtnsdp.com.ye,com.ye,under_structured_suffix
muasalat.com.ye,muasalat.com.ye,com.ye,under_structured_suffix
mugahed.com.ye,mugahed.com.ye,com.ye,under_structured_suffix
mus.edu.ye,mus.edu.ye,edu.ye,under_structured_suffix
mwe.gov.ye,mwe.gov.ye,gov.ye,under_structured_suffix
n-tfc-moh.gov.ye,n-tfc-moh.gov.ye,gov.ye,under_structured_suffix
nabdalseha.com.ye,nabdalseha.com.ye,com.ye,under_structured_suffix
nabdhalseha.com.ye,nabdhalseha.com.ye,com.ye,under_structured_suffix
nabeelyasin.com.ye,nabeelyasin.com.ye,com.ye,under_structured_suffix
nahc.com.ye,nahc.com.ye,com.ye,under_structured_suffix
najmalyemen.com.ye,najmalyemen.com.ye,com.ye,under_structured_suffix
nakaz.com.ye,nakaz.com.ye,com.ye,under_structured_suffix
naos.ye,naos.ye,ye,direct_under_ye
natco-razi.com.ye,natco-razi.com.ye,com.ye,under_structured_suffix
natco.com.ye,natco.com.ye,com.ye,under_structured_suffix
natec.gov.ye,natec.gov.ye,gov.ye,under_structured_suffix
nationaluni.edu.ye,nationaluni.edu.ye,edu.ye,under_structured_suffix
natship.com.ye,natship.com.ye,com.ye,under_structured_suffix
navy.gov.ye,navy.gov.ye,gov.ye,under_structured_suffix
nby.com.ye,nby.com.ye,com.ye,under_structured_suffix
nbyislamic.net.ye,nbyislamic.net.ye,net.ye,under_structured_suffix
nbyyemen.com.ye,nbyyemen.com.ye,com.ye,under_structured_suffix
nccbds.gov.ye,nccbds.gov.ye,gov.ye,under_structured_suffix
nccd.edu.ye,nccd.edu.ye,edu.ye,under_structured_suffix
ncgs.com.ye,ncgs.com.ye,com.ye,under_structured_suffix
ncsc.gov.ye,ncsc.gov.ye,gov.ye,under_structured_suffix
ncsc.ye,ncsc.ye,ye,direct_under_ye
ndc.ye,ndc.ye,ye,direct_under_ye
net.ye,net.ye,ye,direct_under_ye
newage.com.ye,newage.com.ye,com.ye,under_structured_suffix
newarchtest.net.ye,newarchtest.net.ye,net.ye,under_structured_suffix
newcity-yemen.com.ye,newcity-yemen.com.ye,com.ye,under_structured_suffix
ngtech.com.ye,ngtech.com.ye,com.ye,under_structured_suffix
nic.gov.ye,nic.gov.ye,gov.ye,under_structured_suffix
nic.ye,nic.ye,ye,direct_under_ye
nikon.com.ye,nikon.com.ye,com.ye,under_structured_suffix
nimex.com.ye,nimex.com.ye,com.ye,under_structured_suffix
nip.gov.ye,nip.gov.ye,gov.ye,under_structured_suffix
nissan-yemen.com.ye,nissan-yemen.com.ye,com.ye,under_structured_suffix
niu.edu.ye,niu.edu.ye,edu.ye,under_structured_suffix
nodtps.org.ye,nodtps.org.ye,org.ye,under_structured_suffix
nok.com.ye,nok.com.ye,com.ye,under_structured_suffix
noor4ed.org.ye,noor4ed.org.ye,org.ye,under_structured_suffix
nooralyemen.com.ye,nooralyemen.com.ye,com.ye,under_structured_suffix
novapower.com.ye,novapower.com.ye,com.ye,under_structured_suffix
ns1.ye,ns1.ye,ye,direct_under_ye
ns2.ye,ns2.ye,ye,direct_under_ye
nsoc.org.ye,nsoc.org.ye,org.ye,under_structured_suffix
nsw.gov.ye,nsw.gov.ye,gov.ye,under_structured_suffix
ntelimited.com.ye,ntelimited.com.ye,com.ye,under_structured_suffix
ntfo.org.ye,ntfo.org.ye,org.ye,under_structured_suffix
ntfoyemen.gov.ye,ntfoyemen.gov.ye,gov.ye,under_structured_suffix
ntfy.gov.ye,ntfy.gov.ye,gov.ye,under_structured_suffix
nu.edu.ye,nu.edu.ye,edu.ye,under_structured_suffix
nuy.edu.ye,nuy.edu.ye,edu.ye,under_structured_suffix
nvdl.gov.ye,nvdl.gov.ye,gov.ye,under_structured_suffix
nvis.ye,nvis.ye,ye,direct_under_ye
nwrayemen.gov.ye,nwrayemen.gov.ye,gov.ye,under_structured_suffix
nymc.com.ye,nymc.com.ye,com.ye,under_structured_suffix
obsgroup.com.ye,obsgroup.com.ye,com.ye,under_structured_suffix
olx.com.ye,olx.com.ye,com.ye,under_structured_suffix
omega.com.ye,omega.com.ye,com.ye,under_structured_suffix
omron.com.ye,omron.com.ye,com.ye,under_structured_suffix
omv.com.ye,omv.com.ye,com.ye,under_structured_suffix
onecash.com.ye,onecash.com.ye,com.ye,under_structured_suffix
onecash.net.ye,onecash.net.ye,net.ye,under_structured_suffix
onecash.ye,onecash.ye,ye,direct_under_ye
onefamily.org.ye,onefamily.org.ye,org.ye,under_structured_suffix
onyx.com.ye,onyx.com.ye,com.ye,under_structured_suffix
onyx.ye,onyx.ye,ye,direct_under_ye
oppo-aed.com.ye,oppo-aed.com.ye,com.ye,under_structured_suffix
oppo.ye,oppo.ye,ye,direct_under_ye
oppoaed.com.ye,oppoaed.com.ye,com.ye,under_structured_suffix
opss.org.ye,opss.org.ye,org.ye,under_structured_suffix
org.ye,org.ye,ye,direct_under_ye
organicyemen.ye,organicyemen.ye,ye,direct_under_ye
ormis-mof.gov.ye,ormis-mof.gov.ye,gov.ye,under_structured_suffix
os2.com.ye,os2.com.ye,com.ye,under_structured_suffix
osus.com.ye,osus.com.ye,com.ye,under_structured_suffix
overseas.com.ye,overseas.com.ye,com.ye,under_structured_suffix
pa-yemen.gov.ye,pa-yemen.gov.ye,gov.ye,under_structured_suffix
pacific.com.ye,pacific.com.ye,com.ye,under_structured_suffix
panasonic.com.ye,panasonic.com.ye,com.ye,under_structured_suffix
papajohns.com.ye,papajohns.com.ye,com.ye,under_structured_suffix
pare.gov.ye,pare.gov.ye,gov.ye,under_structured_suffix
parliament.gov.ye,parliament.gov.ye,gov.ye,under_structured_suffix
pc-united.net.ye,pc-united.net.ye,net.ye,under_structured_suffix
pcas.org.ye,pcas.org.ye,org.ye,under_structured_suffix
pccdm.gov.ye,pccdm.gov.ye,gov.ye,under_structured_suffix
pdn.net.ye,pdn.net.ye,net.ye,under_structured_suffix
peace-yemen.org.ye,peace-yemen.org.ye,org.ye,under_structured_suffix
pec-wh-ps.gov.ye,pec-wh-ps.gov.ye,gov.ye,under_structured_suffix
pec.com.ye,pec.com.ye,com.ye,under_structured_suffix
pec.gov.ye,pec.gov.ye,gov.ye,under_structured_suffix
pecapp.ye,pecapp.ye,ye,direct_under_ye
peoplemedia.com.ye,peoplemedia.com.ye,com.ye,under_structured_suffix
pepa.com.ye,pepa.com.ye,com.ye,under_structured_suffix
pesticides.gov.ye,pesticides.gov.ye,gov.ye,under_structured_suffix
petronahad.com.ye,petronahad.com.ye,com.ye,under_structured_suffix
petrosaba.com.ye,petrosaba.com.ye,com.ye,under_structured_suffix
petrosupply-og.com.ye,petrosupply-og.com.ye,com.ye,under_structured_suffix
pfmod.gov.ye,pfmod.gov.ye,gov.ye,under_structured_suffix
pfmod.ye,pfmod.ye,ye,direct_under_ye
pgfpp.gov.ye,pgfpp.gov.ye,gov.ye,under_structured_suffix
pgsf.org.ye,pgsf.org.ye,org.ye,under_structured_suffix
pharmatechnology.com.ye,pharmatechnology.com.ye,com.ye,under_structured_suffix
phoenixtowers.com.ye,phoenixtowers.com.ye,com.ye,under_structured_suffix
phpf.org.ye,phpf.org.ye,org.ye,under_structured_suffix
pji-fic.com.ye,pji-fic.com.ye,com.ye,under_structured_suffix
pkfye.ye,pkfye.ye,ye,direct_under_ye
platform.ye,platform.ye,ye,direct_under_ye
platinum.com.ye,platinum.com.ye,com.ye,under_structured_suffix
pm.gov.ye,pm.gov.ye,gov.ye,under_structured_suffix
pmo.gov.ye,pmo.gov.ye,gov.ye,under_structured_suffix
po.gov.ye,po.gov.ye,gov.ye,under_structured_suffix
poacye.edu.ye,poacye.edu.ye,edu.ye,under_structured_suffix
poprhs.com.ye,poprhs.com.ye,com.ye,under_structured_suffix
post.ye,post.ye,ye,direct_under_ye
postcards.ye,postcards.ye,ye,direct_under_ye
premiumcare.com.ye,premiumcare.com.ye,com.ye,under_structured_suffix
presidency.gov.ye,presidency.gov.ye,gov.ye,under_structured_suffix
president.ye,president.ye,ye,direct_under_ye
presidenthadi.gov.ye,presidenthadi.gov.ye,gov.ye,under_structured_suffix
presidentialoffice.gov.ye,presidentialoffice.gov.ye,gov.ye,under_structured_suffix
presidentsaleh.gov.ye,presidentsaleh.gov.ye,gov.ye,under_structured_suffix
presidentsaleh.ye,presidentsaleh.ye,ye,direct_under_ye
princebaby.ye,princebaby.ye,ye,direct_under_ye
pro.ye,pro.ye,ye,direct_under_ye
prosite.com.ye,prosite.com.ye,com.ye,under_structured_suffix
proton.com.ye,proton.com.ye,com.ye,under_structured_suffix
proventek.ye,proventek.ye,ye,direct_under_ye
provex.com.ye,provex.com.ye,com.ye,under_structured_suffix
prowork.com.ye,prowork.com.ye,com.ye,under_structured_suffix
psc.ye,psc.ye,ye,direct_under_ye
pstc.edu.ye,pstc.edu.ye,edu.ye,under_structured_suffix
ptc.com.ye,ptc.com.ye,com.ye,under_structured_suffix
ptc.gov.ye,ptc.gov.ye,gov.ye,under_structured_suffix
pub.ye,pub.ye,ye,direct_under_ye
pyes.com.ye,pyes.com.ye,com.ye,under_structured_suffix
qanaahexpress.com.ye,qanaahexpress.com.ye,com.ye,under_structured_suffix
qapco.com.ye,qapco.com.ye,com.ye,under_structured_suffix
qasu.edu.ye,qasu.edu.ye,edu.ye,under_structured_suffix
qatofin.com.ye,qatofin.com.ye,com.ye,under_structured_suffix
qau.edu.ye,qau.edu.ye,edu.ye,under_structured_suffix
qau.ye,qau.ye,ye,direct_under_ye
qr-moit.gov.ye,qr-moit.gov.ye,gov.ye,under_structured_suffix
queenscollege.edu.ye,queenscollege.edu.ye,edu.ye,under_structured_suffix
quni.edu.ye,quni.edu.ye,edu.ye,under_structured_suffix
qurtoba.ye,qurtoba.ye,ye,direct_under_ye
r-aladwyaschool.edu.ye,r-aladwyaschool.edu.ye,edu.ye,under_structured_suffix
rahal.com.ye,rahal.com.ye,com.ye,under_structured_suffix
raiby.com.ye,raiby.com.ye,com.ye,under_structured_suffix
ram.com.ye,ram.com.ye,com.ye,under_structured_suffix
ramada-almukalla.com.ye,ramada-almukalla.com.ye,com.ye,under_structured_suffix
ramaexports.com.ye,ramaexports.com.ye,com.ye,under_structured_suffix
ramimedical.com.ye,ramimedical.com.ye,com.ye,under_structured_suffix
rased.ye,rased.ye,ye,direct_under_ye
rashadbohair.com.ye,rashadbohair.com.ye,com.ye,under_structured_suffix
rashadbohair.ye,rashadbohair.ye,ye,direct_under_ye
rasidyonline.com.ye,rasidyonline.com.ye,com.ye,under_structured_suffix
rawabialkhair.com.ye,rawabialkhair.com.ye,com.ye,under_structured_suffix
rdc.gov.ye,rdc.gov.ye,gov.ye,under_structured_suffix
redline.com.ye,redline.com.ye,com.ye,under_structured_suffix
redline.ye,redline.ye,ye,direct_under_ye
referencepharma.com.ye,referencepharma.com.ye,com.ye,under_structured_suffix
reliefpharma.com.ye,reliefpharma.com.ye,com.ye,under_structured_suffix
remisc.org.ye,remisc.org.ye,org.ye,under_structured_suffix
results.edu.ye,results.edu.ye,edu.ye,under_structured_suffix
ret.gov.ye,ret.gov.ye,gov.ye,under_structured_suffix
rhc.com.ye,rhc.com.ye,com.ye,under_structured_suffix
richland.com.ye,richland.com.ye,com.ye,under_structured_suffix
right.com.ye,right.com.ye,com.ye,under_structured_suffix
righttec.com.ye,righttec.com.ye,com.ye,under_structured_suffix
rimaz.com.ye,rimaz.com.ye,com.ye,under_structured_suffix
riyadh.ye,riyadh.ye,ye,direct_under_ye
rowad.edu.ye,rowad.edu.ye,edu.ye,under_structured_suffix
rsm-yemen.ye,rsm-yemen.ye,ye,direct_under_ye
rsmyemen.ye,rsmyemen.ye,ye,direct_under_ye
ruknalafaq.com.ye,ruknalafaq.com.ye,com.ye,under_structured_suffix
s-tawasul.gov.ye,s-tawasul.gov.ye,gov.ye,under_structured_suffix
s2d.com.ye,s2d.com.ye,com.ye,under_structured_suffix
sa-portal.ye,sa-portal.ye,ye,direct_under_ye
saada-uni.edu.ye,saada-uni.edu.ye,edu.ye,under_structured_suffix
saadahradio.net.ye,saadahradio.net.ye,net.ye,under_structured_suffix
saba.edu.ye,saba.edu.ye,edu.ye,under_structured_suffix
saba.ye,saba.ye,ye,direct_under_ye
sababank.com.ye,sababank.com.ye,com.ye,under_structured_suffix
sabacash.com.ye,sabacash.com.ye,com.ye,under_structured_suffix
sabacash.net.ye,sabacash.net.ye,net.ye,under_structured_suffix
sabacash.ye,sabacash.ye,ye,direct_under_ye
sabafon.com.ye,sabafon.com.ye,com.ye,under_structured_suffix
sabafon.net.ye,sabafon.net.ye,net.ye,under_structured_suffix
sabanews.gov.ye,sabanews.gov.ye,gov.ye,under_structured_suffix
saberhospital.com.ye,saberhospital.com.ye,com.ye,under_structured_suffix
sabrahpharma.com.ye,sabrahpharma.com.ye,com.ye,under_structured_suffix
sacha.com.ye,sacha.com.ye,com.ye,under_structured_suffix
sadah.gov.ye,sadah.gov.ye,gov.ye,under_structured_suffix
sadiu.edu.ye,sadiu.edu.ye,edu.ye,under_structured_suffix
safetrack.com.ye,safetrack.com.ye,com.ye,under_structured_suffix
safetrack.ye,safetrack.ye,ye,direct_under_ye
saffari.com.ye,saffari.com.ye,com.ye,under_structured_suffix
safidanone.com.ye,safidanone.com.ye,com.ye,under_structured_suffix
sah.com.ye,sah.com.ye,com.ye,under_structured_suffix
sah1.ye,sah1.ye,ye,direct_under_ye
sah2.ye,sah2.ye,ye,direct_under_ye
sah3.ye,sah3.ye,ye,direct_under_ye
sah7.ye,sah7.ye,ye,direct_under_ye
sah8.ye,sah8.ye,ye,direct_under_ye
sahem.com.ye,sahem.com.ye,com.ye,under_structured_suffix
sahlyemen.com.ye,sahlyemen.com.ye,com.ye,under_structured_suffix
sai.com.ye,sai.com.ye,com.ye,under_structured_suffix
saicmyemen.gov.ye,saicmyemen.gov.ye,gov.ye,under_structured_suffix
sailan.com.ye,sailan.com.ye,com.ye,under_structured_suffix
sailan.ye,sailan.ye,ye,direct_under_ye
salahicorp.com.ye,salahicorp.com.ye,com.ye,under_structured_suffix
salam-world.com.ye,salam-world.com.ye,com.ye,under_structured_suffix
salamworld.com.ye,salamworld.com.ye,com.ye,under_structured_suffix
sam-bam.com.ye,sam-bam.com.ye,com.ye,under_structured_suffix
sama.com.ye,sama.com.ye,com.ye,under_structured_suffix
sammad.ye,sammad.ye,ye,direct_under_ye
sammedical.com.ye,sammedical.com.ye,com.ye,under_structured_suffix
samtex.com.ye,samtex.com.ye,com.ye,under_structured_suffix
samxfirst.com.ye,samxfirst.com.ye,com.ye,under_structured_suffix
samyemen.com.ye,samyemen.com.ye,com.ye,under_structured_suffix
sanaacompany.com.ye,sanaacompany.com.ye,com.ye,under_structured_suffix
sanaagassp.gov.ye,sanaagassp.gov.ye,gov.ye,under_structured_suffix
sanaaguide.com.ye,sanaaguide.com.ye,com.ye,under_structured_suffix
sanaampwh.gov.ye,sanaampwh.gov.ye,gov.ye,under_structured_suffix
sanaaradio.net.ye,sanaaradio.net.ye,net.ye,under_structured_suffix
sanaaradio.ye,sanaaradio.ye,ye,direct_under_ye
sary.com.ye,sary.com.ye,com.ye,under_structured_suffix
saudisigns.com.ye,saudisigns.com.ye,com.ye,under_structured_suffix
sawa.com.ye,sawa.com.ye,com.ye,under_structured_suffix
sawabi.com.ye,sawabi.com.ye,com.ye,under_structured_suffix
sawafirst.com.ye,sawafirst.com.ye,com.ye,under_structured_suffix
sayich.com.ye,sayich.com.ye,com.ye,under_structured_suffix
sbco.com.ye,sbco.com.ye,com.ye,under_structured_suffix
sbdma.gov.ye,sbdma.gov.ye,gov.ye,under_structured_suffix
sbdma.ye,sbdma.ye,ye,direct_under_ye
sbiyemen.com.ye,sbiyemen.com.ye,com.ye,under_structured_suffix
scafa.com.ye,scafa.com.ye,com.ye,under_structured_suffix
scc.edu.ye,scc.edu.ye,edu.ye,under_structured_suffix
sccholding.net.ye,sccholding.net.ye,net.ye,under_structured_suffix
scer.gov.ye,scer.gov.ye,gov.ye,under_structured_suffix
schneider-electric.ye,schneider-electric.ye,ye,direct_under_ye
school.ye,school.ye,ye,direct_under_ye
scimmp.gov.ye,scimmp.gov.ye,gov.ye,under_structured_suffix
sdf-yemen.gov.ye,sdf-yemen.gov.ye,gov.ye,under_structured_suffix
seaworld-log.ye,seaworld-log.ye,ye,direct_under_ye
sec.gov.ye,sec.gov.ye,gov.ye,under_structured_suffix
seep.edu.ye,seep.edu.ye,edu.ye,under_structured_suffix
seiyunu.edu.ye,seiyunu.edu.ye,edu.ye,under_structured_suffix
selam-world.com.ye,selam-world.com.ye,com.ye,under_structured_suffix
selamworld.com.ye,selamworld.com.ye,com.ye,under_structured_suffix
sensetrading.com.ye,sensetrading.com.ye,com.ye,under_structured_suffix
sepoc.ye,sepoc.ye,ye,direct_under_ye
sepocye.com.ye,sepocye.com.ye,com.ye,under_structured_suffix
sepp.com.ye,sepp.com.ye,com.ye,under_structured_suffix
september.net.ye,september.net.ye,net.ye,under_structured_suffix
sez.gov.ye,sez.gov.ye,gov.ye,under_structured_suffix
sfd.org.ye,sfd.org.ye,org.ye,under_structured_suffix
sfd.ye,sfd.ye,ye,direct_under_ye
sfhrp.org.ye,sfhrp.org.ye,org.ye,under_structured_suffix
sfp.gov.ye,sfp.gov.ye,gov.ye,under_structured_suffix
shababunity.com.ye,shababunity.com.ye,com.ye,under_structured_suffix
shabwah.gov.ye,shabwah.gov.ye,gov.ye,under_structured_suffix
shaleif.com.ye,shaleif.com.ye,com.ye,under_structured_suffix
shamilbank.com.ye,shamilbank.com.ye,com.ye,under_structured_suffix
shawarmanji.com.ye,shawarmanji.com.ye,com.ye,under_structured_suffix
shawategroup.com.ye,shawategroup.com.ye,com.ye,under_structured_suffix
shd.org.ye,shd.org.ye,org.ye,under_structured_suffix
sheba.ye,sheba.ye,ye,direct_under_ye
shebatv.net.ye,shebatv.net.ye,net.ye,under_structured_suffix
shebatv.ye,shebatv.ye,ye,direct_under_ye
shein.com.ye,shein.com.ye,com.ye,under_structured_suffix
shohadaa.gov.ye,shohadaa.gov.ye,gov.ye,under_structured_suffix
shoora.gov.ye,shoora.gov.ye,gov.ye,under_structured_suffix
shootingbackfromyemen.ye,shootingbackfromyemen.ye,ye,direct_under_ye
showlaq.com.ye,showlaq.com.ye,com.ye,under_structured_suffix
shu.edu.ye,shu.edu.ye,edu.ye,under_structured_suffix
siemens.com.ye,siemens.com.ye,com.ye,under_structured_suffix
sigmagroup.com.ye,sigmagroup.com.ye,com.ye,under_structured_suffix
sjcyemen.gov.ye,sjcyemen.gov.ye,gov.ye,under_structured_suffix
skyalbadr.com.ye,skyalbadr.com.ye,com.ye,under_structured_suffix
skyinnovation.com.ye,skyinnovation.com.ye,com.ye,under_structured_suffix
skyscanner.com.ye,skyscanner.com.ye,com.ye,under_structured_suffix
slo.gov.ye,slo.gov.ye,gov.ye,under_structured_suffix
smart.edu.ye,smart.edu.ye,edu.ye,under_structured_suffix
smartbusiness.com.ye,smartbusiness.com.ye,com.ye,under_structured_suffix
smartgate.edu.ye,smartgate.edu.ye,edu.ye,under_structured_suffix
smartlift.com.ye,smartlift.com.ye,com.ye,under_structured_suffix
smartlook.ye,smartlook.ye,ye,direct_under_ye
smartworld.ye,smartworld.ye,ye,direct_under_ye
smc.com.ye,smc.com.ye,com.ye,under_structured_suffix
smc.gov.ye,smc.gov.ye,gov.ye,under_structured_suffix
smeps.org.ye,smeps.org.ye,org.ye,under_structured_suffix
smileazaldent.com.ye,smileazaldent.com.ye,com.ye,under_structured_suffix
snacc.gov.ye,snacc.gov.ye,gov.ye,under_structured_suffix
socomec.com.ye,socomec.com.ye,com.ye,under_structured_suffix
sofa.ye,sofa.ye,ye,direct_under_ye
sohobcom-test.com.ye,sohobcom-test.com.ye,com.ye,under_structured_suffix
sohobcom.edu.ye,sohobcom.edu.ye,edu.ye,under_structured_suffix
sohobcom.ye,sohobcom.ye,ye,direct_under_ye
soholaljawf.com.ye,soholaljawf.com.ye,com.ye,under_structured_suffix
sohoolyemen.com.ye,sohoolyemen.com.ye,com.ye,under_structured_suffix
soul.org.ye,soul.org.ye,org.ye,under_structured_suffix
sowaa.com.ye,sowaa.com.ye,com.ye,under_structured_suffix
spacelink.com.ye,spacelink.com.ye,com.ye,under_structured_suffix
spacey.com.ye,spacey.com.ye,com.ye,under_structured_suffix
speed.ye,speed.ye,ye,direct_under_ye
spherent.com.ye,spherent.com.ye,com.ye,under_structured_suffix
spinneys.com.ye,spinneys.com.ye,com.ye,under_structured_suffix
srf.gov.ye,srf.gov.ye,gov.ye,under_structured_suffix
srs-mohe.gov.ye,srs-mohe.gov.ye,gov.ye,under_structured_suffix
srsps-mohe.gov.ye,srsps-mohe.gov.ye,gov.ye,under_structured_suffix
ssd.org.ye,ssd.org.ye,org.ye,under_structured_suffix
starsteptrading.com.ye,starsteptrading.com.ye,com.ye,under_structured_suffix
start.edu.ye,start.edu.ye,edu.ye,under_structured_suffix
staticmohe.gov.ye,staticmohe.gov.ye,gov.ye,under_structured_suffix
stcotec.com.ye,stcotec.com.ye,com.ye,under_structured_suffix
su.edu.ye,su.edu.ye,edu.ye,under_structured_suffix
suerp.gov.ye,suerp.gov.ye,gov.ye,under_structured_suffix
superconsulting.com.ye,superconsulting.com.ye,com.ye,under_structured_suffix
survey-authority.gov.ye,survey-authority.gov.ye,gov.ye,under_structured_suffix
suzuki.com.ye,suzuki.com.ye,com.ye,under_structured_suffix
swf.gov.ye,swf.gov.ye,gov.ye,under_structured_suffix
swslc-yemen.com.ye,swslc-yemen.com.ye,com.ye,under_structured_suffix
syepco.com.ye,syepco.com.ye,com.ye,under_structured_suffix
szi.com.ye,szi.com.ye,com.ye,under_structured_suffix
tabsit.ye,tabsit.ye,ye,direct_under_ye
taha-cpa.com.ye,taha-cpa.com.ye,com.ye,under_structured_suffix
tahweelex.com.ye,tahweelex.com.ye,com.ye,under_structured_suffix
taiz.edu.ye,taiz.edu.ye,edu.ye,under_structured_suffix
taizchamber.com.ye,taizchamber.com.ye,com.ye,under_structured_suffix
taizzradio.net.ye,taizzradio.net.ye,net.ye,under_structured_suffix
tam-group.com.ye,tam-group.com.ye,com.ye,under_structured_suffix
tamkeen.com.ye,tamkeen.com.ye,com.ye,under_structured_suffix
tarady-trade.com.ye,tarady-trade.com.ye,com.ye,under_structured_suffix
tarwfreligcivi.org.ye,tarwfreligcivi.org.ye,org.ye,under_structured_suffix
tashreen.com.ye,tashreen.com.ye,com.ye,under_structured_suffix
tawasul.gov.ye,tawasul.gov.ye,gov.ye,under_structured_suffix
tawseel.com.ye,tawseel.com.ye,com.ye,under_structured_suffix
tax-capital.gov.ye,tax-capital.gov.ye,gov.ye,under_structured_suffix
tax.gov.ye,tax.gov.ye,gov.ye,under_structured_suffix
taxltu.gov.ye,taxltu.gov.ye,gov.ye,under_structured_suffix
tbhs.com.ye,tbhs.com.ye,com.ye,under_structured_suffix
tci-dhamar.com.ye,tci-dhamar.com.ye,com.ye,under_structured_suffix
tda-yemen.org.ye,tda-yemen.org.ye,org.ye,under_structured_suffix
tebr.com.ye,tebr.com.ye,com.ye,under_structured_suffix
tebyan.ye,tebyan.ye,ye,direct_under_ye
tech-city.gov.ye,tech-city.gov.ye,gov.ye,under_structured_suffix
technohouse.com.ye,technohouse.com.ye,com.ye,under_structured_suffix
technozone.ye,technozone.ye,ye,direct_under_ye
techsci-experts.com.ye,techsci-experts.com.ye,com.ye,under_structured_suffix
tehama.com.ye,tehama.com.ye,com.ye,under_structured_suffix
tehamahcement.com.ye,tehamahcement.com.ye,com.ye,under_structured_suffix
teleyemen.com.ye,teleyemen.com.ye,com.ye,under_structured_suffix
teleyemen.net.ye,teleyemen.net.ye,net.ye,under_structured_suffix
teleyemen.ye,teleyemen.ye,ye,direct_under_ye
teleyemenreports.com.ye,teleyemenreports.com.ye,com.ye,under_structured_suffix
tesf.edu.ye,tesf.edu.ye,edu.ye,under_structured_suffix
test1.com.ye,test1.com.ye,com.ye,under_structured_suffix
testcp.net.ye,testcp.net.ye,net.ye,under_structured_suffix
testplsk.net.ye,testplsk.net.ye,net.ye,under_structured_suffix
testyemen.net.ye,testyemen.net.ye,net.ye,under_structured_suffix
thabetbros.com.ye,thabetbros.com.ye,com.ye,under_structured_suffix
thabetson.com.ye,thabetson.com.ye,com.ye,under_structured_suffix
thci.edu.ye,thci.edu.ye,edu.ye,under_structured_suffix
thcmc.com.ye,thcmc.com.ye,com.ye,under_structured_suffix
thecheesecakefactory.com.ye,thecheesecakefactory.com.ye,com.ye,under_structured_suffix
thechildrensplace.com.ye,thechildrensplace.com.ye,com.ye,under_structured_suffix
thechildrensplace.org.ye,thechildrensplace.org.ye,org.ye,under_structured_suffix
thobhan.org.ye,thobhan.org.ye,org.ye,under_structured_suffix
thu-fa.edu.ye,thu-fa.edu.ye,edu.ye,under_structured_suffix
thuniv.edu.ye,thuniv.edu.ye,edu.ye,under_structured_suffix
time.ye,time.ye,ye,direct_under_ye
titmag.net.ye,titmag.net.ye,net.ye,under_structured_suffix
tlc.edu.ye,tlc.edu.ye,edu.ye,under_structured_suffix
tld1.ye,tld1.ye,ye,direct_under_ye
tld2.ye,tld2.ye,ye,direct_under_ye
tld3.ye,tld3.ye,ye,direct_under_ye
tlr.com.ye,tlr.com.ye,com.ye,under_structured_suffix
tma-photo.com.ye,tma-photo.com.ye,com.ye,under_structured_suffix
tmc.ye,tmc.ye,ye,direct_under_ye
tmgh.gov.ye,tmgh.gov.ye,gov.ye,under_structured_suffix
tnom.com.ye,tnom.com.ye,com.ye,under_structured_suffix
togetherpharma.com.ye,togetherpharma.com.ye,com.ye,under_structured_suffix
top1oil.com.ye,top1oil.com.ye,com.ye,under_structured_suffix
topeasy.com.ye,topeasy.com.ye,com.ye,under_structured_suffix
topfish.com.ye,topfish.com.ye,com.ye,under_structured_suffix
topresidency.gov.ye,topresidency.gov.ye,gov.ye,under_structured_suffix
toshiba.com.ye,toshiba.com.ye,com.ye,under_structured_suffix
tourism.gov.ye,tourism.gov.ye,gov.ye,under_structured_suffix
tourisminyemen.gov.ye,tourisminyemen.gov.ye,gov.ye,under_structured_suffix
tourismyemen.gov.ye,tourismyemen.gov.ye,gov.ye,under_structured_suffix
tours.com.ye,tours.com.ye,com.ye,under_structured_suffix
towaity.com.ye,towaity.com.ye,com.ye,under_structured_suffix
toyota.com.ye,toyota.com.ye,com.ye,under_structured_suffix
tr-sanaa.gov.ye,tr-sanaa.gov.ye,gov.ye,under_structured_suffix
trustworld.com.ye,trustworld.com.ye,com.ye,under_structured_suffix
trye.gov.ye,trye.gov.ye,gov.ye,under_structured_suffix
tsc.com.ye,tsc.com.ye,com.ye,under_structured_suffix
ttmed.com.ye,ttmed.com.ye,com.ye,under_structured_suffix
tu.edu.ye,tu.edu.ye,edu.ye,under_structured_suffix
tv.ye,tv.ye,ye,direct_under_ye
tvaden.net.ye,tvaden.net.ye,net.ye,under_structured_suffix
twitter.com.ye,twitter.com.ye,com.ye,under_structured_suffix
twslc.gov.ye,twslc.gov.ye,gov.ye,under_structured_suffix
twttc-am.com.ye,twttc-am.com.ye,com.ye,under_structured_suffix
ty.com.ye,ty.com.ye,com.ye,under_structured_suffix
tybypass.com.ye,tybypass.com.ye,com.ye,under_structured_suffix
tycache.com.ye,tycache.com.ye,com.ye,under_structured_suffix
tyco-electronics.com.ye,tyco-electronics.com.ye,com.ye,under_structured_suffix
tycoelectronics.com.ye,tycoelectronics.com.ye,com.ye,under_structured_suffix
tyt.com.ye,tyt.com.ye,com.ye,under_structured_suffix
tyt1.com.ye,tyt1.com.ye,com.ye,under_structured_suffix
uajnas.gov.ye,uajnas.gov.ye,gov.ye,under_structured_suffix
ucash.com.ye,ucash.com.ye,com.ye,under_structured_suffix
uchp.org.ye,uchp.org.ye,org.ye,under_structured_suffix
ufafpi.ye,ufafpi.ye,ye,direct_under_ye
uin.edu.ye,uin.edu.ye,edu.ye,under_structured_suffix
uis.edu.ye,uis.edu.ye,edu.ye,under_structured_suffix
ultimate.edu.ye,ultimate.edu.ye,edu.ye,under_structured_suffix
ums.edu.ye,ums.edu.ye,edu.ye,under_structured_suffix
un.ye,un.ye,ye,direct_under_ye
uni.ye,uni.ye,ye,direct_under_ye
unicell.com.ye,unicell.com.ye,com.ye,under_structured_suffix
unionnetwork.com.ye,unionnetwork.com.ye,com.ye,under_structured_suffix
uniship.com.ye,uniship.com.ye,com.ye,under_structured_suffix
unitedpharmacy.com.ye,unitedpharmacy.com.ye,com.ye,under_structured_suffix
unitedsoft.com.ye,unitedsoft.com.ye,com.ye,under_structured_suffix
unitel-group.com.ye,unitel-group.com.ye,com.ye,under_structured_suffix
uniten.com.ye,uniten.com.ye,com.ye,under_structured_suffix
updat-cor.com.ye,updat-cor.com.ye,com.ye,under_structured_suffix
update.com.ye,update.com.ye,com.ye,under_structured_suffix
updc.ye,updc.ye,ye,direct_under_ye
uptech.com.ye,uptech.com.ye,com.ye,under_structured_suffix
uqms.edu.ye,uqms.edu.ye,edu.ye,under_structured_suffix
ust.edu.ye,ust.edu.ye,edu.ye,under_structured_suffix
usthyemen.com.ye,usthyemen.com.ye,com.ye,under_structured_suffix
vastechnology.com.ye,vastechnology.com.ye,com.ye,under_structured_suffix
vertexlifts.com.ye,vertexlifts.com.ye,com.ye,under_structured_suffix
vibrafone.com.ye,vibrafone.com.ye,com.ye,under_structured_suffix
vieo.gov.ye,vieo.gov.ye,gov.ye,under_structured_suffix
vim.ye,vim.ye,ye,direct_under_ye
vindexyemen.com.ye,vindexyemen.com.ye,com.ye,under_structured_suffix
vip-ptc.gov.ye,vip-ptc.gov.ye,gov.ye,under_structured_suffix
visionofedu.gov.ye,visionofedu.gov.ye,gov.ye,under_structured_suffix
volkswagen.com.ye,volkswagen.com.ye,com.ye,under_structured_suffix
vouchers.gov.ye,vouchers.gov.ye,gov.ye,under_structured_suffix
voyages-au-yemen.com.ye,voyages-au-yemen.com.ye,com.ye,under_structured_suffix
waas.com.ye,waas.com.ye,com.ye,under_structured_suffix
wahdah-dca.com.ye,wahdah-dca.com.ye,com.ye,under_structured_suffix
wasatia.edu.ye,wasatia.edu.ye,edu.ye,under_structured_suffix
waslafaqtv.net.ye,waslafaqtv.net.ye,net.ye,under_structured_suffix
waslbulk.net.ye,waslbulk.net.ye,net.ye,under_structured_suffix
wateraljawf.gov.ye,wateraljawf.gov.ye,gov.ye,under_structured_suffix
wec.edu.ye,wec.edu.ye,edu.ye,under_structured_suffix
wecash.com.ye,wecash.com.ye,com.ye,under_structured_suffix
wegos.com.ye,wegos.com.ye,com.ye,under_structured_suffix
wempower.org.ye,wempower.org.ye,org.ye,under_structured_suffix
wenet.ye,wenet.ye,ye,direct_under_ye
whf.org.ye,whf.org.ye,org.ye,under_structured_suffix
whitecloud.net.ye,whitecloud.net.ye,net.ye,under_structured_suffix
whtapk.com.ye,whtapk.com.ye,com.ye,under_structured_suffix
widyan.com.ye,widyan.com.ye,com.ye,under_structured_suffix
wifiyemen.net.ye,wifiyemen.net.ye,net.ye,under_structured_suffix
wncyemen.com.ye,wncyemen.com.ye,com.ye,under_structured_suffix
worldline.com.ye,worldline.com.ye,com.ye,under_structured_suffix
worldtrust.com.ye,worldtrust.com.ye,com.ye,under_structured_suffix
wseasshipping.com.ye,wseasshipping.com.ye,com.ye,under_structured_suffix
wsyessver.com.ye,wsyessver.com.ye,com.ye,under_structured_suffix
y-fpd.org.ye,y-fpd.org.ye,org.ye,under_structured_suffix
y-gsm.com.ye,y-gsm.com.ye,com.ye,under_structured_suffix
y-media.ye,y-media.ye,ye,direct_under_ye
y.com.ye,y.com.ye,com.ye,under_structured_suffix
y.gov.ye,y.gov.ye,gov.ye,under_structured_suffix
y.net.ye,y.net.ye,net.ye,under_structured_suffix
y.ye,y.ye,ye,direct_under_ye
yala.org.ye,yala.org.ye,org.ye,under_structured_suffix
yamaan.org.ye,yamaan.org.ye,org.ye,under_structured_suffix
yamania.gov.ye,yamania.gov.ye,gov.ye,under_structured_suffix
yaser.com.ye,yaser.com.ye,com.ye,under_structured_suffix
yba.org.ye,yba.org.ye,org.ye,under_structured_suffix
ybrd.com.ye,ybrd.com.ye,com.ye,under_structured_suffix
yca.edu.ye,yca.edu.ye,edu.ye,under_structured_suffix
ycb.com.ye,ycb.com.ye,com.ye,under_structured_suffix
yccsw.gov.ye,yccsw.gov.ye,gov.ye,under_structured_suffix
ycfms.com.ye,ycfms.com.ye,com.ye,under_structured_suffix
ycgsi.com.ye,ycgsi.com.ye,com.ye,under_structured_suffix
ych.com.ye,ych.com.ye,com.ye,under_structured_suffix
ycomd.com.ye,ycomd.com.ye,com.ye,under_structured_suffix
ycpa.ye,ycpa.ye,ye,direct_under_ye
ycpd.com.ye,ycpd.com.ye,com.ye,under_structured_suffix
ye-cement.com.ye,ye-cement.com.ye,com.ye,under_structured_suffix
ye.net.ye,ye.net.ye,net.ye,under_structured_suffix
yeahmoney.net.ye,yeahmoney.net.ye,net.ye,under_structured_suffix
yec.com.ye,yec.com.ye,com.ye,under_structured_suffix
yec.edu.ye,yec.edu.ye,edu.ye,under_structured_suffix
yeco.com.ye,yeco.com.ye,com.ye,under_structured_suffix
yeconstmarine.com.ye,yeconstmarine.com.ye,com.ye,under_structured_suffix
yectv.edu.ye,yectv.edu.ye,edu.ye,under_structured_suffix
yellow.com.ye,yellow.com.ye,com.ye,under_structured_suffix
yellow.ye,yellow.ye,ye,direct_under_ye
yellowpages.com.ye,yellowpages.com.ye,com.ye,under_structured_suffix
yemac.com.ye,yemac.com.ye,com.ye,under_structured_suffix
yemen-cardio.org.ye,yemen-cardio.org.ye,org.ye,under_structured_suffix
yemen-cement.com.ye,yemen-cement.com.ye,com.ye,under_structured_suffix
yemen-environment.gov.ye,yemen-environment.gov.ye,gov.ye,under_structured_suffix
yemen-media.gov.ye,yemen-media.gov.ye,gov.ye,under_structured_suffix
yemen-net.com.ye,yemen-net.com.ye,com.ye,under_structured_suffix
yemen-tv.net.ye,yemen-tv.net.ye,net.ye,under_structured_suffix
yemen-wallet.com.ye,yemen-wallet.com.ye,com.ye,under_structured_suffix
yemen-wallet.ye,yemen-wallet.ye,ye,direct_under_ye
yemen.com.ye,yemen.com.ye,com.ye,under_structured_suffix
yemen.gov.ye,yemen.gov.ye,gov.ye,under_structured_suffix
yemen.net.ye,yemen.net.ye,net.ye,under_structured_suffix
yemenacademy.edu.ye,yemenacademy.edu.ye,edu.ye,under_structured_suffix
yemenalmufaddal.com.ye,yemenalmufaddal.com.ye,com.ye,under_structured_suffix
yemenbarcode.gov.ye,yemenbarcode.gov.ye,gov.ye,under_structured_suffix
yemenbasketball.com.ye,yemenbasketball.com.ye,com.ye,under_structured_suffix
yemencare.org.ye,yemencare.org.ye,org.ye,under_structured_suffix
yemencon.com.ye,yemencon.com.ye,com.ye,under_structured_suffix
yemendoc.ye,yemendoc.ye,ye,direct_under_ye
yemeneng.org.ye,yemeneng.org.ye,org.ye,under_structured_suffix
yemenexam.gov.ye,yemenexam.gov.ye,gov.ye,under_structured_suffix
yemenexams.ye,yemenexams.ye,ye,direct_under_ye
yemenfw.ye,yemenfw.ye,ye,direct_under_ye
yemengov.ye,yemengov.ye,ye,direct_under_ye
yemengulfbank.com.ye,yemengulfbank.com.ye,com.ye,under_structured_suffix
yemeni-women.org.ye,yemeni-women.org.ye,org.ye,under_structured_suffix
yemenia.com.ye,yemenia.com.ye,com.ye,under_structured_suffix
yemeniapps.ye,yemeniapps.ye,ye,direct_under_ye
yemeninfo.gov.ye,yemeninfo.gov.ye,gov.ye,under_structured_suffix
yemenmarine.com.ye,yemenmarine.com.ye,com.ye,under_structured_suffix
yemenmobile.com.ye,yemenmobile.com.ye,com.ye,under_structured_suffix
yemenmobile.gov.ye,yemenmobile.gov.ye,gov.ye,under_structured_suffix
yemenmobile.net.ye,yemenmobile.net.ye,net.ye,under_structured_suffix
yemenmoroco.com.ye,yemenmoroco.com.ye,com.ye,under_structured_suffix
yemennet.com.ye,yemennet.com.ye,com.ye,under_structured_suffix
yemennet.ye,yemennet.ye,ye,direct_under_ye
yemenparliament.gov.ye,yemenparliament.gov.ye,gov.ye,under_structured_suffix
yemenpolice-ac.gov.ye,yemenpolice-ac.gov.ye,gov.ye,under_structured_suffix
yemenprojectcode.com.ye,yemenprojectcode.com.ye,com.ye,under_structured_suffix
yemenrobot.com.ye,yemenrobot.com.ye,com.ye,under_structured_suffix
yemenrobot.net.ye,yemenrobot.net.ye,net.ye,under_structured_suffix
yemenrobot.ye,yemenrobot.ye,ye,direct_under_ye
yemenrtv.net.ye,yemenrtv.net.ye,net.ye,under_structured_suffix
yemensadad.net.ye,yemensadad.net.ye,net.ye,under_structured_suffix
yemensky.com.ye,yemensky.com.ye,com.ye,under_structured_suffix
yemensoft.com.ye,yemensoft.com.ye,com.ye,under_structured_suffix
yemenstores.com.ye,yemenstores.com.ye,com.ye,under_structured_suffix
yementhabat.org.ye,yementhabat.org.ye,org.ye,under_structured_suffix
yementourism.gov.ye,yementourism.gov.ye,gov.ye,under_structured_suffix
yementrack.com.ye,yementrack.com.ye,com.ye,under_structured_suffix
yementrack.ye,yementrack.ye,ye,direct_under_ye
yementv.ye,yementv.ye,ye,direct_under_ye
yemenvision.gov.ye,yemenvision.gov.ye,gov.ye,under_structured_suffix
yesa.com.ye,yesa.com.ye,com.ye,under_structured_suffix
yetp.org.ye,yetp.org.ye,org.ye,under_structured_suffix
yfd.org.ye,yfd.org.ye,org.ye,under_structured_suffix
yfl.com.ye,yfl.com.ye,com.ye,under_structured_suffix
yfsco.net.ye,yfsco.net.ye,net.ye,under_structured_suffix
yft-co.com.ye,yft-co.com.ye,com.ye,under_structured_suffix
yfw.com.ye,yfw.com.ye,com.ye,under_structured_suffix
yfw.ye,yfw.ye,ye,direct_under_ye
ygc.gov.ye,ygc.gov.ye,gov.ye,under_structured_suffix
ygsmrb.org.ye,ygsmrb.org.ye,org.ye,under_structured_suffix
yiig.gov.ye,yiig.gov.ye,gov.ye,under_structured_suffix
yinor.com.ye,yinor.com.ye,com.ye,under_structured_suffix
yipo.gov.ye,yipo.gov.ye,gov.ye,under_structured_suffix
yjmhr.edu.ye,yjmhr.edu.ye,edu.ye,under_structured_suffix
yju.edu.ye,yju.edu.ye,edu.ye,under_structured_suffix
yk-bank.com.ye,yk-bank.com.ye,com.ye,under_structured_suffix
yki-bank.com.ye,yki-bank.com.ye,com.ye,under_structured_suffix
ykrdc.com.ye,ykrdc.com.ye,com.ye,under_structured_suffix
ylmc.com.ye,ylmc.com.ye,com.ye,under_structured_suffix
ylngbalhaf.com.ye,ylngbalhaf.com.ye,com.ye,under_structured_suffix
ym-idc.gov.ye,ym-idc.gov.ye,gov.ye,under_structured_suffix
ym.net.ye,ym.net.ye,net.ye,under_structured_suffix
ym.ye,ym.ye,ye,direct_under_ye
ymail.ye,ymail.ye,ye,direct_under_ye
ymc.com.ye,ymc.com.ye,com.ye,under_structured_suffix
ymd.com.ye,ymd.com.ye,com.ye,under_structured_suffix
ymobile.com.ye,ymobile.com.ye,com.ye,under_structured_suffix
ymoss.com.ye,ymoss.com.ye,com.ye,under_structured_suffix
ymp.ye,ymp.ye,ye,direct_under_ye
yms.gov.ye,yms.gov.ye,gov.ye,under_structured_suffix
yn.net.ye,yn.net.ye,net.ye,under_structured_suffix
yn.ye,yn.ye,ye,direct_under_ye
yncecs.gov.ye,yncecs.gov.ye,gov.ye,under_structured_suffix
ynm.ye,ynm.ye,ye,direct_under_ye
ynt.com.ye,ynt.com.ye,com.ye,under_structured_suffix
yogc.com.ye,yogc.com.ye,com.ye,under_structured_suffix
yos.org.ye,yos.org.ye,org.ye,under_structured_suffix
yostours.com.ye,yostours.com.ye,com.ye,under_structured_suffix
you-tele.com.ye,you-tele.com.ye,com.ye,under_structured_suffix
you.com.ye,you.com.ye,com.ye,under_structured_suffix
yp-trading.com.ye,yp-trading.com.ye,com.ye,under_structured_suffix
ypc.gov.ye,ypc.gov.ye,gov.ye,under_structured_suffix
ypg.com.ye,ypg.com.ye,com.ye,under_structured_suffix
ypl.ye,ypl.ye,ye,direct_under_ye
ypo.gov.ye,ypo.gov.ye,gov.ye,under_structured_suffix
yqnfoundation.com.ye,yqnfoundation.com.ye,com.ye,under_structured_suffix
yradio.gov.ye,yradio.gov.ye,gov.ye,under_structured_suffix
yrcs.org.ye,yrcs.org.ye,org.ye,under_structured_suffix
yrsgisc.gov.ye,yrsgisc.gov.ye,gov.ye,under_structured_suffix
yrspc.gov.ye,yrspc.gov.ye,gov.ye,under_structured_suffix
ysc.org.ye,ysc.org.ye,org.ye,under_structured_suffix
ysco.com.ye,ysco.com.ye,com.ye,under_structured_suffix
ysfhcd.org.ye,ysfhcd.org.ye,org.ye,under_structured_suffix
ysmc.gov.ye,ysmc.gov.ye,gov.ye,under_structured_suffix
ysmo.ye,ysmo.ye,ye,direct_under_ye
ysrdc.gov.ye,ysrdc.gov.ye,gov.ye,under_structured_suffix
ysrf.org.ye,ysrf.org.ye,org.ye,under_structured_suffix
ystream.ye,ystream.ye,ye,direct_under_ye
ytcc.com.ye,ytcc.com.ye,com.ye,under_structured_suffix
ytel-niit.com.ye,ytel-niit.com.ye,com.ye,under_structured_suffix
ytelecom.com.ye,ytelecom.com.ye,com.ye,under_structured_suffix
ytelecom.net.ye,ytelecom.net.ye,net.ye,under_structured_suffix
yuniv.edu.ye,yuniv.edu.ye,edu.ye,under_structured_suffix
zakat.ye,zakat.ye,ye,direct_under_ye
zentiva.com.ye,zentiva.com.ye,com.ye,under_structured_suffix
zgos.com.ye,zgos.com.ye,com.ye,under_structured_suffix
zjos.com.ye,zjos.com.ye,com.ye,under_structured_suffix
zlinkyemen.com.ye,zlinkyemen.com.ye,com.ye,under_structured_suffix
zubayen.ye,zubayen.ye,ye,direct_under_ye
zuhoorpharma.com.ye,zuhoorpharma.com.ye,com.ye,under_structured_suffix
